turn,stored_y_n_label,before_P1,before_P2,before_P3,after_P1,after_P2,after_P3
1,14.134725141735,16,19,16,16,19,16
2,21.022039638772,15,18,18,15,18,18
3,25.010857580146,14,20,17,14,20,17
4,30.424876125860,13,19,19,13,19,19
5,32.935061587739,12,21,18,12,21,18
6,37.586178158826,14,20,17,14,20,17
7,40.918719012147,16,19,16,16,19,16
8,43.327073280915,15,21,15,15,21,15
9,48.005150881167,17,20,14,17,20,14
10,49.773832477672,16,22,13,16,22,13
11,52.970321477714,15,21,15,15,21,15
12,56.446247697063,17,20,14,17,20,14
13,59.347044002602,16,19,16,16,19,16
14,60.831778524610,15,21,15,15,21,15
15,65.112544048082,17,20,14,14,23,14
16,67.079810529494,19,19,13,16,22,13
17,69.546401711174,18,21,12,15,24,12
18,72.067157674482,17,23,11,14,26,11
19,75.704690699084,16,22,13,13,25,13
20,77.144840068875,15,24,12,12,27,12
21,79.337375020249,14,26,11,11,29,11
22,82.910380854086,13,28,10,10,31,10
23,84.735492980517,12,27,12,9,30,12
24,87.425274613125,11,29,11,8,32,11
25,88.809111207634,13,28,10,10,31,10
26,92.491899270558,15,27,9,12,30,9
27,94.651344040520,14,26,11,11,29,11
28,95.870634228245,13,25,13,10,28,13
29,98.831194218194,12,27,12,9,30,12
30,101.317851005731,14,26,11,11,29,11
31,103.725538040478,16,25,10,10,31,10
32,105.446623052326,18,24,9,9,30,12
33,107.168611184276,17,26,8,8,32,11
34,111.029535543170,19,25,7,10,31,10
35,111.874659176993,18,24,9,12,30,9
36,114.320220915453,17,23,11,11,29,11
37,116.226680320858,16,22,13,10,28,13
38,118.790782865976,15,21,15,9,27,15
39,121.370125002421,14,20,17,11,26,14
40,122.946829293553,13,22,16,13,25,13
41,124.256818554346,12,21,18,12,24,15
42,127.516683879596,14,20,17,11,26,14
43,129.578704199956,16,19,16,10,28,13
44,131.087688530933,18,18,15,9,30,12
45,133.497737202998,17,17,17,8,29,14
46,134.756509753374,16,19,16,7,28,16
47,138.116042054533,15,18,18,6,27,18
48,139.736208952121,14,17,20,8,26,17
49,141.123707404021,13,16,22,10,25,16
50,143.111845807621,12,15,24,12,24,15
51,146.000982486766,11,17,23,11,23,17
52,147.422765342560,10,19,22,10,22,19
53,150.053520420785,9,21,21,9,21,21
54,150.925257612241,11,20,20,11,20,20
55,153.024693811199,10,19,22,13,19,19
56,156.112909294238,9,18,24,15,18,18
57,157.597591817594,8,20,23,14,17,20
58,158.849988171421,7,19,25,16,16,19
59,161.188964137596,6,21,24,18,15,18
60,163.030709687182,5,20,26,20,14,17
61,165.537069187900,4,19,28,22,13,16
62,167.184439978175,3,18,30,24,12,15
63,169.094515415569,5,17,29,23,14,14
64,169.911976479412,4,19,28,25,13,13
65,173.411536519592,6,18,27,27,12,12
66,174.754191523366,5,20,26,26,14,11
67,176.441434297710,4,22,25,25,13,13
68,178.377407776100,6,21,24,27,12,12
69,179.916484020257,8,20,23,29,11,11
70,182.207078484366,10,19,22,31,10,10
71,184.874467848387,12,18,21,33,9,9
72,185.598783677707,11,20,20,32,8,11
73,187.228922583502,10,22,19,34,7,10
74,189.416158656017,12,21,18,36,6,9
75,192.026656360714,11,23,17,35,8,8
76,193.079726603846,10,25,16,34,10,7
77,195.265396679529,9,27,15,33,12,6
78,196.876481840958,8,29,14,32,14,5
79,198.015309676252,7,31,13,31,16,4
80,201.264751943704,6,30,15,30,18,3
81,202.493594514141,5,32,14,29,20,2
82,204.189671803105,4,34,13,28,22,1
83,205.394697202163,3,33,15,27,24,0
84,207.906258887806,2,35,14,26,25,0
85,209.576509716856,1,37,13,25,26,0
86,211.690862595365,0,39,12,24,27,0
87,213.347919359713,0,40,11,23,28,0
88,214.547044783491,0,41,10,24,27,0
89,216.169538508264,0,42,9,23,28,0
90,219.067596349021,0,41,10,22,29,0
91,220.714918839314,0,42,9,21,30,0
92,221.430705554693,0,43,8,20,31,0
93,224.007000254604,0,44,7,19,32,0
94,224.983324669582,0,45,6,18,33,0
95,227.421444279679,0,46,5,17,34,0
96,229.337413305525,0,47,4,18,33,0
97,231.250188700499,0,48,3,19,32,0
98,231.987235253180,0,49,2,18,33,0
99,233.693404178908,0,48,3,17,34,0
100,236.524229665816,0,47,4,16,35,0
101,237.769820480925,0,46,5,15,36,0
102,239.555477573328,0,45,6,14,37,0
103,241.049157796217,0,44,7,13,38,0
104,242.823271934223,0,43,8,12,39,0
105,244.070898497078,0,44,7,11,40,0
106,247.136990074898,0,45,6,10,41,0
107,248.101990060148,0,44,7,11,40,0
108,249.573689644707,0,43,8,10,41,0
109,251.014947795016,0,42,9,9,42,0
110,253.069986747999,0,43,8,8,43,0
111,255.306256454914,0,44,7,9,42,0
112,256.380713694434,0,45,6,10,41,0
113,258.610439491531,0,44,7,11,40,0
114,259.874406989678,0,43,8,10,41,0
115,260.805084504597,0,42,9,9,42,0
116,263.573893904870,0,41,10,8,43,0
117,265.557851838876,0,42,9,7,44,0
118,266.614973781501,0,43,8,6,45,0
119,267.921915082824,0,42,9,5,46,0
120,269.970449023998,0,43,8,4,47,0
121,271.494055641645,0,42,9,3,48,0
122,273.459609188403,0,41,10,2,49,0
123,275.587492649344,0,42,9,3,48,0
124,276.452049503133,0,43,8,2,49,0
125,278.250743529842,0,42,9,3,48,0
126,279.229250927745,0,43,8,2,49,0
127,282.465114765052,0,44,7,3,48,0
128,283.211185733234,0,45,6,2,49,0
129,284.835963980905,0,44,7,3,48,0
130,286.667445363003,0,45,6,2,49,0
131,287.911920501422,0,46,5,3,48,0
132,289.579854929219,0,47,4,2,49,0
133,291.846291329067,0,46,5,3,48,0
134,293.558434139356,0,47,4,2,49,0
135,294.965369619266,0,48,3,3,48,0
136,295.573254878958,0,49,2,4,47,0
137,297.979277061943,0,48,3,5,46,0
138,299.840326053721,0,49,2,4,47,0
139,301.649325462194,0,48,3,5,46,0
140,302.696749589607,0,49,2,4,47,0
141,304.864371340857,0,48,3,5,46,0
142,305.728912602037,0,49,2,6,45,0
143,307.219496128170,0,50,1,7,44,0
144,310.109463146702,0,51,0,8,43,0
145,311.165141530356,stopped,stopped,stopped,9,42,0
146,312.427801180601,stopped,stopped,stopped,8,43,0
147,313.985285731159,stopped,stopped,stopped,9,42,0
148,315.475616089476,stopped,stopped,stopped,8,43,0
149,317.734805942370,stopped,stopped,stopped,9,42,0
150,318.853104256317,stopped,stopped,stopped,8,43,0
151,321.160134309114,stopped,stopped,stopped,9,42,0
152,322.144558672483,stopped,stopped,stopped,8,43,0
153,323.466969557512,stopped,stopped,stopped,9,42,0
154,324.862866051740,stopped,stopped,stopped,8,43,0
155,327.443901261905,stopped,stopped,stopped,7,44,0
156,329.033071680481,stopped,stopped,stopped,6,45,0
157,329.953239728234,stopped,stopped,stopped,7,44,0
158,331.474467582663,stopped,stopped,stopped,6,45,0
159,333.645378524870,stopped,stopped,stopped,7,44,0
160,334.211354833244,stopped,stopped,stopped,6,45,0
161,336.841850428391,stopped,stopped,stopped,7,44,0
162,338.339992850807,stopped,stopped,stopped,6,45,0
163,339.858216725364,stopped,stopped,stopped,7,44,0
164,341.042261111047,stopped,stopped,stopped,6,45,0
165,342.054877510364,stopped,stopped,stopped,7,44,0
166,344.661702940252,stopped,stopped,stopped,6,45,0
167,346.347870566010,stopped,stopped,stopped,7,44,0
168,347.272677584420,stopped,stopped,stopped,6,45,0
169,349.316260870696,stopped,stopped,stopped,7,44,0
170,350.408419349192,stopped,stopped,stopped,6,45,0
171,351.878649025359,stopped,stopped,stopped,7,44,0
172,353.488900488719,stopped,stopped,stopped,6,45,0
173,356.017574977265,stopped,stopped,stopped,7,44,0
174,357.151302252040,stopped,stopped,stopped,6,45,0
175,357.952685101632,stopped,stopped,stopped,7,44,0
176,359.743754953114,stopped,stopped,stopped,6,45,0
177,361.289361695805,stopped,stopped,stopped,7,44,0
178,363.331330578974,stopped,stopped,stopped,6,45,0
179,364.736024114089,stopped,stopped,stopped,7,44,0
180,366.212710288331,stopped,stopped,stopped,6,45,0
181,367.993575481740,stopped,stopped,stopped,7,44,0
182,368.968438095734,stopped,stopped,stopped,6,45,0
183,370.050919212106,stopped,stopped,stopped,7,44,0
184,373.061928372113,stopped,stopped,stopped,6,45,0
185,373.864873910909,stopped,stopped,stopped,7,44,0
186,375.825912766739,stopped,stopped,stopped,6,45,0
187,376.324092230668,stopped,stopped,stopped,7,44,0
188,378.436680249965,stopped,stopped,stopped,6,45,0
189,379.872975346532,stopped,stopped,stopped,7,44,0
190,381.484468617187,stopped,stopped,stopped,6,45,0
191,383.443529449536,stopped,stopped,stopped,7,44,0
192,384.956116814864,stopped,stopped,stopped,6,45,0
193,385.861300845974,stopped,stopped,stopped,7,44,0
194,387.222890222388,stopped,stopped,stopped,6,45,0
195,388.846128354232,stopped,stopped,stopped,7,44,0
196,391.456083563638,stopped,stopped,stopped,6,45,0
197,392.245083339519,stopped,stopped,stopped,7,44,0
198,393.427743844434,stopped,stopped,stopped,6,45,0
199,395.582870010994,stopped,stopped,stopped,7,44,0
200,396.381854222592,stopped,stopped,stopped,6,45,0
201,397.918736209614,stopped,stopped,stopped,7,44,0
202,399.985119876195,stopped,stopped,stopped,8,43,0
203,401.839228600533,stopped,stopped,stopped,9,42,0
204,402.861917763886,stopped,stopped,stopped,8,43,0
205,404.236441800208,stopped,stopped,stopped,9,42,0
206,405.134387459910,stopped,stopped,stopped,8,43,0
207,407.581460386896,stopped,stopped,stopped,9,42,0
208,408.947245502351,stopped,stopped,stopped,8,43,0
209,410.513869193367,stopped,stopped,stopped,7,44,0
210,411.972267804279,stopped,stopped,stopped,6,45,0
211,413.262736070185,stopped,stopped,stopped,7,44,0
212,415.018809755155,stopped,stopped,stopped,6,45,0
213,415.455214996295,stopped,stopped,stopped,7,44,0
214,418.387705789535,stopped,stopped,stopped,6,45,0
215,419.861364818152,stopped,stopped,stopped,7,44,0
216,420.643827625042,stopped,stopped,stopped,6,45,0
217,422.076710058827,stopped,stopped,stopped,7,44,0
218,423.716579627482,stopped,stopped,stopped,6,45,0
219,425.069882494461,stopped,stopped,stopped,7,44,0
220,427.208825084075,stopped,stopped,stopped,6,45,0
221,428.127914076617,stopped,stopped,stopped,7,44,0
222,430.328745430939,stopped,stopped,stopped,6,45,0
223,431.301306930704,stopped,stopped,stopped,7,44,0
224,432.138641734589,stopped,stopped,stopped,6,45,0
225,433.889218480927,stopped,stopped,stopped,7,44,0
226,436.161006432647,stopped,stopped,stopped,6,45,0
227,437.581698167669,stopped,stopped,stopped,7,44,0
228,438.621738656272,stopped,stopped,stopped,6,45,0
229,439.918442214371,stopped,stopped,stopped,7,44,0
230,441.683199201189,stopped,stopped,stopped,6,45,0
231,442.904546302609,stopped,stopped,stopped,7,44,0
232,444.319336277559,stopped,stopped,stopped,6,45,0
233,446.860622696430,stopped,stopped,stopped,7,44,0
234,447.441704194493,stopped,stopped,stopped,6,45,0
235,449.148545685023,stopped,stopped,stopped,7,44,0
236,450.126945780314,stopped,stopped,stopped,6,45,0
237,451.403308445389,stopped,stopped,stopped,7,44,0
238,453.986737806678,stopped,stopped,stopped,6,45,0
239,454.974683768617,stopped,stopped,stopped,7,44,0
240,456.328426689246,stopped,stopped,stopped,6,45,0
241,457.903893064103,stopped,stopped,stopped,7,44,0
242,459.513415281106,stopped,stopped,stopped,6,45,0
243,460.087944422176,stopped,stopped,stopped,7,44,0
244,462.065367274883,stopped,stopped,stopped,6,45,0
245,464.057286910548,stopped,stopped,stopped,7,44,0
246,465.671539211371,stopped,stopped,stopped,6,45,0
247,466.570286930826,stopped,stopped,stopped,7,44,0
248,467.439046210262,stopped,stopped,stopped,6,45,0
249,469.536004559112,stopped,stopped,stopped,7,44,0
250,470.773655478102,stopped,stopped,stopped,6,45,0
251,472.799174661909,stopped,stopped,stopped,7,44,0
252,473.835232345140,stopped,stopped,stopped,6,45,0
253,475.600339369376,stopped,stopped,stopped,7,44,0
254,476.769015237484,stopped,stopped,stopped,6,45,0
255,478.075263766671,stopped,stopped,stopped,7,44,0
256,478.942181534635,stopped,stopped,stopped,6,45,0
257,481.830339376287,stopped,stopped,stopped,7,44,0
258,482.834782790982,stopped,stopped,stopped,6,45,0
259,483.851427212483,stopped,stopped,stopped,7,44,0
260,485.539148129356,stopped,stopped,stopped,6,45,0
261,486.528718261651,stopped,stopped,stopped,7,44,0
262,488.380567090017,stopped,stopped,stopped,6,45,0
263,489.661761577956,stopped,stopped,stopped,7,44,0
264,491.398821593663,stopped,stopped,stopped,6,45,0
265,493.314441581785,stopped,stopped,stopped,7,44,0
266,493.957997805369,stopped,stopped,stopped,6,45,0
267,495.358828822131,stopped,stopped,stopped,7,44,0
268,496.429696215759,stopped,stopped,stopped,6,45,0
269,498.580782429687,stopped,stopped,stopped,7,44,0
270,500.309084941691,stopped,stopped,stopped,6,45,0
271,501.604446965145,stopped,stopped,stopped,7,44,0
272,502.276270327118,stopped,stopped,stopped,6,45,0
273,504.499773313428,stopped,stopped,stopped,7,44,0
274,505.415231742244,stopped,stopped,stopped,6,45,0
275,506.464152709524,stopped,stopped,stopped,7,44,0
276,508.800700336468,stopped,stopped,stopped,8,43,0
277,510.264227943673,stopped,stopped,stopped,9,42,0
278,511.562289700375,stopped,stopped,stopped,8,43,0
279,512.623144531407,stopped,stopped,stopped,9,42,0
280,513.668985555474,stopped,stopped,stopped,8,43,0
281,515.435057167299,stopped,stopped,stopped,9,42,0
282,517.589668572467,stopped,stopped,stopped,8,43,0
283,518.234223147550,stopped,stopped,stopped,9,42,0
284,520.106310411723,stopped,stopped,stopped,8,43,0
285,521.525193449492,stopped,stopped,stopped,9,42,0
286,522.456696177730,stopped,stopped,stopped,8,43,0
287,523.960530892016,stopped,stopped,stopped,9,42,0
288,525.077385687280,stopped,stopped,stopped,8,43,0
289,527.903641601272,stopped,stopped,stopped,9,42,0
290,528.406213852293,stopped,stopped,stopped,8,43,0
291,529.806226318707,stopped,stopped,stopped,9,42,0
292,530.866917883961,stopped,stopped,stopped,8,43,0
293,532.688183028294,stopped,stopped,stopped,9,42,0
294,533.779630753769,stopped,stopped,stopped,8,43,0
295,535.664314075873,stopped,stopped,stopped,9,42,0
296,537.069759083122,stopped,stopped,stopped,8,43,0
297,538.428526176248,stopped,stopped,stopped,9,42,0
298,540.213166376228,stopped,stopped,stopped,8,43,0
299,540.631390247295,stopped,stopped,stopped,9,42,0
300,541.847437121201,stopped,stopped,stopped,8,43,0
301,544.323890101005,stopped,stopped,stopped,9,42,0
302,545.636833248935,stopped,stopped,stopped,8,43,0
303,547.010912058122,stopped,stopped,stopped,9,42,0
304,547.931613364489,stopped,stopped,stopped,8,43,0
305,549.497567562661,stopped,stopped,stopped,9,42,0
306,550.970010039484,stopped,stopped,stopped,8,43,0
307,552.049572200565,stopped,stopped,stopped,7,44,0
308,553.764972119159,stopped,stopped,stopped,6,45,0
309,555.792020561683,stopped,stopped,stopped,7,44,0
310,556.899476406855,stopped,stopped,stopped,6,45,0
311,557.564659172059,stopped,stopped,stopped,7,44,0
312,559.316237028682,stopped,stopped,stopped,6,45,0
313,560.240807497296,stopped,stopped,stopped,7,44,0
314,562.559207616046,stopped,stopped,stopped,6,45,0
315,564.160879110786,stopped,stopped,stopped,7,44,0
316,564.506055938150,stopped,stopped,stopped,6,45,0
317,566.698787682808,stopped,stopped,stopped,7,44,0
318,567.731757901177,stopped,stopped,stopped,6,45,0
319,568.923955179629,stopped,stopped,stopped,7,44,0
320,570.051114782464,stopped,stopped,stopped,6,45,0
321,572.419984132453,stopped,stopped,stopped,7,44,0
322,573.614610526758,stopped,stopped,stopped,6,45,0
323,575.093886014495,stopped,stopped,stopped,7,44,0
324,575.807247140929,stopped,stopped,stopped,6,45,0
325,577.039003472098,stopped,stopped,stopped,7,44,0
326,579.098834672037,stopped,stopped,stopped,6,45,0
327,580.136959362385,stopped,stopped,stopped,7,44,0
328,581.946576265902,stopped,stopped,stopped,6,45,0
329,583.236088219167,stopped,stopped,stopped,7,44,0
330,584.561705903466,stopped,stopped,stopped,6,45,0
331,585.984563204988,stopped,stopped,stopped,7,44,0
332,586.742771891250,stopped,stopped,stopped,6,45,0
333,588.139663266248,stopped,stopped,stopped,7,44,0
334,590.660397516765,stopped,stopped,stopped,6,45,0
335,591.725858065048,stopped,stopped,stopped,7,44,0
336,592.571358300226,stopped,stopped,stopped,6,45,0
337,593.974714682231,stopped,stopped,stopped,7,44,0
338,595.728153697389,stopped,stopped,stopped,6,45,0
339,596.362768328394,stopped,stopped,stopped,7,44,0
340,598.493077346165,stopped,stopped,stopped,6,45,0
341,599.545640364365,stopped,stopped,stopped,7,44,0
342,601.602136735933,stopped,stopped,stopped,6,45,0
343,602.579167886387,stopped,stopped,stopped,7,44,0
344,603.625618903579,stopped,stopped,stopped,6,45,0
345,604.616218493753,stopped,stopped,stopped,7,44,0
346,606.383460422109,stopped,stopped,stopped,6,45,0
347,608.413217311187,stopped,stopped,stopped,7,44,0
348,609.389575154720,stopped,stopped,stopped,6,45,0
349,610.839162937739,stopped,stopped,stopped,7,44,0
350,611.774209620887,stopped,stopped,stopped,6,45,0
351,613.599778675637,stopped,stopped,stopped,7,44,0
352,614.646237872233,stopped,stopped,stopped,6,45,0
353,615.538563369407,stopped,stopped,stopped,7,44,0
354,618.112831366442,stopped,stopped,stopped,6,45,0
355,619.184482597954,stopped,stopped,stopped,7,44,0
356,620.272893672227,stopped,stopped,stopped,6,45,0
357,621.709294527949,stopped,stopped,stopped,7,44,0
358,622.375002739779,stopped,stopped,stopped,6,45,0
359,624.269900018178,stopped,stopped,stopped,7,44,0
360,626.019283427654,stopped,stopped,stopped,6,45,0
361,627.268396850783,stopped,stopped,stopped,7,44,0
362,628.325862359460,stopped,stopped,stopped,6,45,0
363,630.473887438292,stopped,stopped,stopped,7,44,0
364,630.805780927198,stopped,stopped,stopped,6,45,0
365,632.225141167116,stopped,stopped,stopped,7,44,0
366,633.546858252252,stopped,stopped,stopped,8,43,0
367,635.523800310605,stopped,stopped,stopped,9,42,0
368,637.397193159837,stopped,stopped,stopped,8,43,0
369,637.925513980823,stopped,stopped,stopped,9,42,0
370,638.927938266857,stopped,stopped,stopped,8,43,0
371,640.694794668826,stopped,stopped,stopped,9,42,0
372,641.945499665705,stopped,stopped,stopped,8,43,0
373,643.278883781398,stopped,stopped,stopped,9,42,0
374,644.990578229748,stopped,stopped,stopped,8,43,0
375,646.348191595502,stopped,stopped,stopped,9,42,0
376,647.761753004289,stopped,stopped,stopped,8,43,0
377,648.786400888782,stopped,stopped,stopped,9,42,0
378,650.197519345256,stopped,stopped,stopped,8,43,0
379,650.668683891396,stopped,stopped,stopped,9,42,0
380,653.649571605395,stopped,stopped,stopped,8,43,0
381,654.301920586319,stopped,stopped,stopped,9,42,0
382,655.709463022356,stopped,stopped,stopped,8,43,0
383,656.964084599461,stopped,stopped,stopped,9,42,0
384,658.175614418605,stopped,stopped,stopped,8,43,0
385,659.663845972964,stopped,stopped,stopped,9,42,0
386,660.716732595279,stopped,stopped,stopped,8,43,0
387,662.296586431100,stopped,stopped,stopped,9,42,0
388,664.244604652273,stopped,stopped,stopped,8,43,0
389,665.342763095599,stopped,stopped,stopped,9,42,0
390,666.515147704173,stopped,stopped,stopped,8,43,0
391,667.148494894555,stopped,stopped,stopped,9,42,0
392,668.975848820235,stopped,stopped,stopped,8,43,0
393,670.323585205863,stopped,stopped,stopped,9,42,0
394,672.458183584170,stopped,stopped,stopped,8,43,0
395,673.043578286148,stopped,stopped,stopped,9,42,0
396,674.355897810123,stopped,stopped,stopped,8,43,0
397,676.139674363627,stopped,stopped,stopped,9,42,0
398,677.230180668764,stopped,stopped,stopped,8,43,0
399,677.800444746221,stopped,stopped,stopped,9,42,0
400,679.742197882528,stopped,stopped,stopped,8,43,0
401,681.894991533152,stopped,stopped,stopped,9,42,0
402,682.602735019751,stopped,stopped,stopped,8,43,0
403,684.013549813870,stopped,stopped,stopped,9,42,0
404,684.972629862098,stopped,stopped,stopped,8,43,0
405,686.163223587728,stopped,stopped,stopped,9,42,0
406,687.961543184704,stopped,stopped,stopped,8,43,0
407,689.368941362272,stopped,stopped,stopped,9,42,0
408,690.474735032350,stopped,stopped,stopped,8,43,0
409,692.451684415521,stopped,stopped,stopped,9,42,0
410,693.176970060602,stopped,stopped,stopped,8,43,0
411,694.533908699873,stopped,stopped,stopped,9,42,0
412,695.726335920927,stopped,stopped,stopped,8,43,0
413,696.626069900346,stopped,stopped,stopped,9,42,0
414,699.132095476014,stopped,stopped,stopped,8,43,0
415,700.296739132143,stopped,stopped,stopped,9,42,0
416,701.301742954646,stopped,stopped,stopped,8,43,0
417,702.227343145761,stopped,stopped,stopped,9,42,0
418,704.033839295525,stopped,stopped,stopped,8,43,0
419,705.125813954619,stopped,stopped,stopped,9,42,0
420,706.184654799518,stopped,stopped,stopped,8,43,0
421,708.269070885110,stopped,stopped,stopped,9,42,0
422,709.229588570284,stopped,stopped,stopped,8,43,0
423,711.130274179685,stopped,stopped,stopped,9,42,0
424,711.900289914375,stopped,stopped,stopped,8,43,0
425,712.749383470101,stopped,stopped,stopped,9,42,0
426,714.082771820669,stopped,stopped,stopped,8,43,0
427,716.112396454052,stopped,stopped,stopped,9,42,0
428,717.482569703100,stopped,stopped,stopped,8,43,0
429,718.742786545486,stopped,stopped,stopped,9,42,0
430,719.697100988366,stopped,stopped,stopped,8,43,0
431,721.351162218536,stopped,stopped,stopped,9,42,0
432,722.277504975674,stopped,stopped,stopped,8,43,0
433,723.845821045128,stopped,stopped,stopped,9,42,0
434,724.562613890379,stopped,stopped,stopped,8,43,0
435,727.056403230049,stopped,stopped,stopped,9,42,0
436,728.405481588934,stopped,stopped,stopped,8,43,0
437,728.758749795614,stopped,stopped,stopped,9,42,0
438,730.416482122756,stopped,stopped,stopped,8,43,0
439,731.417354918599,stopped,stopped,stopped,9,42,0
440,732.818052714500,stopped,stopped,stopped,8,43,0
441,734.789643252378,stopped,stopped,stopped,9,42,0
442,735.765459208578,stopped,stopped,stopped,8,43,0
443,737.052928912265,stopped,stopped,stopped,9,42,0
444,738.580421171374,stopped,stopped,stopped,8,43,0
445,739.909523674042,stopped,stopped,stopped,9,42,0
446,740.573807447295,stopped,stopped,stopped,8,43,0
447,741.757335572942,stopped,stopped,stopped,9,42,0
448,743.895013142474,stopped,stopped,stopped,8,43,0
449,745.344989550612,stopped,stopped,stopped,9,42,0
450,746.499305899432,stopped,stopped,stopped,8,43,0
451,747.674563624270,stopped,stopped,stopped,9,42,0
452,748.242754465085,stopped,stopped,stopped,8,43,0
453,750.655950362124,stopped,stopped,stopped,9,42,0
454,750.966381066651,stopped,stopped,stopped,8,43,0
455,752.887621567202,stopped,stopped,stopped,9,42,0
456,754.322370471713,stopped,stopped,stopped,8,43,0
457,755.839308976038,stopped,stopped,stopped,9,42,0
458,756.768248439951,stopped,stopped,stopped,8,43,0
459,758.101729246413,stopped,stopped,stopped,9,42,0
460,758.900238224892,stopped,stopped,stopped,8,43,0
461,760.282366983512,stopped,stopped,stopped,9,42,0
462,762.700033249691,stopped,stopped,stopped,8,43,0
463,763.593066172837,stopped,stopped,stopped,9,42,0
464,764.307522724180,stopped,stopped,stopped,8,43,0
465,766.087540099836,stopped,stopped,stopped,9,42,0
466,767.218472155540,stopped,stopped,stopped,8,43,0
467,768.281461806509,stopped,stopped,stopped,9,42,0
468,769.693407252624,stopped,stopped,stopped,8,43,0
469,771.070839313678,stopped,stopped,stopped,9,42,0
470,772.961617565757,stopped,stopped,stopped,8,43,0
471,774.117744627941,stopped,stopped,stopped,9,42,0
472,775.047847096581,stopped,stopped,stopped,8,43,0
473,775.999711963171,stopped,stopped,stopped,9,42,0
474,777.299748529593,stopped,stopped,stopped,8,43,0
475,779.157076949189,stopped,stopped,stopped,9,42,0
476,780.348925004182,stopped,stopped,stopped,8,43,0
477,782.137664390812,stopped,stopped,stopped,9,42,0
478,782.597943946074,stopped,stopped,stopped,10,41,0
479,784.288822612466,stopped,stopped,stopped,11,40,0
480,785.739089700715,stopped,stopped,stopped,10,41,0
481,786.461147450506,stopped,stopped,stopped,11,40,0
482,787.468463815910,stopped,stopped,stopped,10,41,0
483,790.059092364120,stopped,stopped,stopped,11,40,0
484,790.831620467921,stopped,stopped,stopped,10,41,0
485,792.427707608605,stopped,stopped,stopped,11,40,0
486,792.888652562623,stopped,stopped,stopped,10,41,0
487,794.483791869893,stopped,stopped,stopped,11,40,0
488,795.606596156162,stopped,stopped,stopped,10,41,0
489,797.263470038036,stopped,stopped,stopped,11,40,0
490,798.707570166296,stopped,stopped,stopped,10,41,0
491,799.654336210898,stopped,stopped,stopped,11,40,0
492,801.604246462982,stopped,stopped,stopped,10,41,0
493,802.541984878418,stopped,stopped,stopped,11,40,0
494,803.243096204270,stopped,stopped,stopped,10,41,0
495,804.762239112662,stopped,stopped,stopped,11,40,0
496,805.861635667095,stopped,stopped,stopped,10,41,0
497,808.151814935994,stopped,stopped,stopped,11,40,0
498,809.197783363301,stopped,stopped,stopped,10,41,0
499,810.081804886407,stopped,stopped,stopped,11,40,0
500,811.184358846506,stopped,stopped,stopped,10,41,0
501,812.771108389109,stopped,stopped,stopped,11,40,0
502,814.045913607511,stopped,stopped,stopped,10,41,0
503,814.870539625873,stopped,stopped,stopped,11,40,0
504,816.727737714395,stopped,stopped,stopped,10,41,0
505,818.380668866362,stopped,stopped,stopped,11,40,0
506,819.204642170824,stopped,stopped,stopped,10,41,0
507,820.721898443869,stopped,stopped,stopped,11,40,0
508,821.713454133379,stopped,stopped,stopped,10,41,0
509,822.197757493404,stopped,stopped,stopped,11,40,0
510,824.526293871630,stopped,stopped,stopped,10,41,0
511,826.039287376574,stopped,stopped,stopped,11,40,0
512,826.905810954081,stopped,stopped,stopped,10,41,0
513,828.340174300490,stopped,stopped,stopped,11,40,0
514,829.437010968309,stopped,stopped,stopped,10,41,0
515,830.895884053317,stopped,stopped,stopped,11,40,0
516,831.799777659071,stopped,stopped,stopped,10,41,0
517,833.003640909154,stopped,stopped,stopped,11,40,0
518,834.651915147826,stopped,stopped,stopped,10,41,0
519,836.693576187592,stopped,stopped,stopped,11,40,0
520,837.347335059531,stopped,stopped,stopped,10,41,0
521,838.249021992732,stopped,stopped,stopped,11,40,0
522,839.465394810283,stopped,stopped,stopped,10,41,0
523,841.036389829013,stopped,stopped,stopped,11,40,0
524,842.041354206526,stopped,stopped,stopped,10,41,0
525,844.166196607351,stopped,stopped,stopped,11,40,0
526,844.805993975764,stopped,stopped,stopped,10,41,0
527,846.194769927694,stopped,stopped,stopped,11,40,0
528,847.971717639512,stopped,stopped,stopped,10,41,0
529,848.489281180944,stopped,stopped,stopped,11,40,0
530,849.862274348698,stopped,stopped,stopped,10,41,0
531,850.645448466004,stopped,stopped,stopped,11,40,0
532,853.163112583389,stopped,stopped,stopped,10,41,0
533,854.095511719869,stopped,stopped,stopped,11,40,0
534,855.286710244405,stopped,stopped,stopped,10,41,0
535,856.484117490792,stopped,stopped,stopped,11,40,0
536,857.310740602604,stopped,stopped,stopped,10,41,0
537,858.904026466476,stopped,stopped,stopped,11,40,0
538,860.410670896015,stopped,stopped,stopped,10,41,0
539,861.171098212715,stopped,stopped,stopped,11,40,0
540,863.189719771909,stopped,stopped,stopped,10,41,0
541,864.340823930070,stopped,stopped,stopped,11,40,0
542,865.594664326516,stopped,stopped,stopped,12,39,0
543,866.423739904043,stopped,stopped,stopped,13,38,0
544,867.693122611785,stopped,stopped,stopped,12,39,0
545,868.670494229132,stopped,stopped,stopped,13,38,0
546,870.846902325754,stopped,stopped,stopped,12,39,0
547,872.188750821613,stopped,stopped,stopped,13,38,0
548,873.098978971282,stopped,stopped,stopped,12,39,0
549,873.908389235337,stopped,stopped,stopped,13,38,0
550,875.985285108780,stopped,stopped,stopped,12,39,0
551,876.600825833027,stopped,stopped,stopped,13,38,0
552,877.654698341034,stopped,stopped,stopped,12,39,0
553,879.380951969791,stopped,stopped,stopped,13,38,0
554,880.834648847939,stopped,stopped,stopped,12,39,0
555,882.386696627196,stopped,stopped,stopped,13,38,0
556,883.430331838702,stopped,stopped,stopped,12,39,0
557,884.198743114595,stopped,stopped,stopped,13,38,0
558,885.272304479617,stopped,stopped,stopped,12,39,0
559,886.852801962916,stopped,stopped,stopped,13,38,0
560,888.475566673817,stopped,stopped,stopped,12,39,0
561,889.735294294091,stopped,stopped,stopped,13,38,0
562,890.813132112528,stopped,stopped,stopped,12,39,0
563,892.386433260156,stopped,stopped,stopped,13,38,0
564,893.119117567294,stopped,stopped,stopped,12,39,0
565,894.886292320869,stopped,stopped,stopped,13,38,0
566,895.397919674783,stopped,stopped,stopped,12,39,0
567,896.632251556203,stopped,stopped,stopped,13,38,0
568,899.221522668383,stopped,stopped,stopped,12,39,0
569,899.858884607938,stopped,stopped,stopped,13,38,0
570,900.849739860521,stopped,stopped,stopped,12,39,0
571,902.243207586752,stopped,stopped,stopped,13,38,0
572,903.099674442630,stopped,stopped,stopped,12,39,0
573,904.702902722281,stopped,stopped,stopped,13,38,0
574,905.829940758222,stopped,stopped,stopped,12,39,0
575,907.656729468968,stopped,stopped,stopped,13,38,0
576,908.333543645061,stopped,stopped,stopped,12,39,0
577,910.186334057180,stopped,stopped,stopped,13,38,0
578,911.234951485956,stopped,stopped,stopped,12,39,0
579,912.331045600036,stopped,stopped,stopped,13,38,0
580,912.823999246743,stopped,stopped,stopped,12,39,0
581,914.730096958376,stopped,stopped,stopped,13,38,0
582,916.355000808643,stopped,stopped,stopped,12,39,0
583,917.825377570427,stopped,stopped,stopped,13,38,0
584,918.836535243529,stopped,stopped,stopped,12,39,0
585,919.448344439682,stopped,stopped,stopped,13,38,0
586,921.156395507155,stopped,stopped,stopped,12,39,0
587,922.500629306637,stopped,stopped,stopped,13,38,0
588,923.285719802422,stopped,stopped,stopped,12,39,0
589,924.773483933477,stopped,stopped,stopped,13,38,0
590,926.551552784603,stopped,stopped,stopped,12,39,0
591,927.850858985754,stopped,stopped,stopped,13,38,0
592,928.663659328935,stopped,stopped,stopped,12,39,0
593,929.874092850648,stopped,stopped,stopped,13,38,0
594,931.009211336628,stopped,stopped,stopped,12,39,0
595,931.852740745520,stopped,stopped,stopped,13,38,0
596,934.385306837258,stopped,stopped,stopped,12,39,0
597,934.995424863846,stopped,stopped,stopped,13,38,0
598,936.228649379283,stopped,stopped,stopped,12,39,0
599,937.532925711970,stopped,stopped,stopped,13,38,0
600,939.024300899218,stopped,stopped,stopped,12,39,0
601,939.660940614528,stopped,stopped,stopped,13,38,0
602,941.156999642042,stopped,stopped,stopped,12,39,0
603,942.052341643375,stopped,stopped,stopped,13,38,0
604,944.188035809573,stopped,stopped,stopped,12,39,0
605,945.333562503046,stopped,stopped,stopped,13,38,0
606,946.765842204728,stopped,stopped,stopped,12,39,0
607,947.079183096255,stopped,stopped,stopped,13,38,0
608,948.346646255045,stopped,stopped,stopped,12,39,0
609,950.151612684644,stopped,stopped,stopped,13,38,0
610,951.033248733823,stopped,stopped,stopped,12,39,0
611,952.727988619851,stopped,stopped,stopped,13,38,0
612,954.129719269551,stopped,stopped,stopped,12,39,0
613,954.829308938217,stopped,stopped,stopped,13,38,0
614,956.675479343290,stopped,stopped,stopped,12,39,0
615,957.510052596424,stopped,stopped,stopped,13,38,0
616,958.414593390136,stopped,stopped,stopped,12,39,0
617,959.459168807068,stopped,stopped,stopped,13,38,0
618,961.669572474193,stopped,stopped,stopped,12,39,0
619,963.182086671311,stopped,stopped,stopped,13,38,0
620,963.567040191612,stopped,stopped,stopped,12,39,0
621,965.055579623751,stopped,stopped,stopped,13,38,0
622,966.110754818410,stopped,stopped,stopped,12,39,0
623,967.371153766263,stopped,stopped,stopped,13,38,0
624,968.636301906087,stopped,stopped,stopped,12,39,0
625,970.125610556941,stopped,stopped,stopped,13,38,0
626,971.071491486386,stopped,stopped,stopped,12,39,0
627,973.185361294301,stopped,stopped,stopped,13,38,0
628,973.873078992654,stopped,stopped,stopped,12,39,0
629,974.774635065837,stopped,stopped,stopped,13,38,0
630,976.178502420590,stopped,stopped,stopped,12,39,0
631,976.917202117051,stopped,stopped,stopped,13,38,0
632,978.766671535113,stopped,stopped,stopped,12,39,0
633,980.578000639774,stopped,stopped,stopped,13,38,0
634,981.288615301759,stopped,stopped,stopped,12,39,0
635,982.396485168779,stopped,stopped,stopped,13,38,0
636,983.575076006431,stopped,stopped,stopped,12,39,0
637,985.186928655773,stopped,stopped,stopped,11,40,0
638,986.130515110185,stopped,stopped,stopped,10,41,0
639,986.756008407656,stopped,stopped,stopped,11,40,0
640,988.992622370657,stopped,stopped,stopped,10,41,0
641,990.223917804028,stopped,stopped,stopped,11,40,0
642,991.374294147761,stopped,stopped,stopped,10,41,0
643,992.728696336733,stopped,stopped,stopped,11,40,0
644,993.214580957443,stopped,stopped,stopped,10,41,0
645,994.404590571094,stopped,stopped,stopped,11,40,0
646,996.205336164298,stopped,stopped,stopped,10,41,0
647,997.511934751939,stopped,stopped,stopped,11,40,0
648,998.827547136930,stopped,stopped,stopped,10,41,0
649,999.791571557413,stopped,stopped,stopped,11,40,0
650,1001.349482637783,stopped,stopped,stopped,10,41,0
651,1002.404305488392,stopped,stopped,stopped,11,40,0
652,1003.267808179453,stopped,stopped,stopped,10,41,0
653,1004.675044121173,stopped,stopped,stopped,11,40,0
654,1005.543420304378,stopped,stopped,stopped,10,41,0
655,1008.006704307064,stopped,stopped,stopped,11,40,0
656,1008.795709900742,stopped,stopped,stopped,10,41,0
657,1009.806590746965,stopped,stopped,stopped,11,40,0
658,1010.569757011061,stopped,stopped,stopped,10,41,0
659,1012.410042515762,stopped,stopped,stopped,11,40,0
660,1013.058638098409,stopped,stopped,stopped,10,41,0
661,1014.689632622370,stopped,stopped,stopped,11,40,0
662,1016.060178942647,stopped,stopped,stopped,10,41,0
663,1017.266402364355,stopped,stopped,stopped,11,40,0
664,1018.605572518620,stopped,stopped,stopped,10,41,0
665,1019.912439743944,stopped,stopped,stopped,11,40,0
666,1020.917475017264,stopped,stopped,stopped,10,41,0
667,1021.544344499905,stopped,stopped,stopped,11,40,0
668,1022.885270911716,stopped,stopped,stopped,10,41,0
669,1025.265724197728,stopped,stopped,stopped,11,40,0
670,1025.707944371463,stopped,stopped,stopped,10,41,0
671,1027.467693515588,stopped,stopped,stopped,11,40,0
672,1028.128964255498,stopped,stopped,stopped,10,41,0
673,1029.227297443961,stopped,stopped,stopped,11,40,0
674,1030.897368790597,stopped,stopped,stopped,10,41,0
675,1031.833180297408,stopped,stopped,stopped,11,40,0
676,1032.812883035159,stopped,stopped,stopped,10,41,0
677,1034.612915529521,stopped,stopped,stopped,11,40,0
678,1036.195917358055,stopped,stopped,stopped,10,41,0
679,1037.024707646282,stopped,stopped,stopped,11,40,0
680,1038.087752240619,stopped,stopped,stopped,10,41,0
681,1039.077401436897,stopped,stopped,stopped,11,40,0
682,1040.264037937696,stopped,stopped,stopped,10,41,0
683,1041.621528014542,stopped,stopped,stopped,11,40,0
684,1043.623954349621,stopped,stopped,stopped,10,41,0
685,1044.514975829079,stopped,stopped,stopped,11,40,0
686,1045.107042352978,stopped,stopped,stopped,10,41,0
687,1047.089817484295,stopped,stopped,stopped,11,40,0
688,1047.987147489600,stopped,stopped,stopped,10,41,0
689,1048.953785194686,stopped,stopped,stopped,11,40,0
690,1049.996284256593,stopped,stopped,stopped,10,41,0
691,1051.576571843205,stopped,stopped,stopped,11,40,0
692,1053.245785158386,stopped,stopped,stopped,10,41,0
693,1054.781039478281,stopped,stopped,stopped,11,40,0
694,1055.002146475686,stopped,stopped,stopped,10,41,0
695,1056.688847363828,stopped,stopped,stopped,11,40,0
696,1057.100043659618,stopped,stopped,stopped,10,41,0
697,1059.133769106897,stopped,stopped,stopped,11,40,0
698,1060.139518561608,stopped,stopped,stopped,10,41,0
699,1061.501304465068,stopped,stopped,stopped,11,40,0
700,1062.915381507881,stopped,stopped,stopped,10,41,0
701,1064.071551071718,stopped,stopped,stopped,11,40,0
702,1065.121855106293,stopped,stopped,stopped,10,41,0
703,1066.463223469243,stopped,stopped,stopped,11,40,0
704,1067.418860120965,stopped,stopped,stopped,10,41,0
705,1067.990000079043,stopped,stopped,stopped,11,40,0
706,1070.535041996829,stopped,stopped,stopped,10,41,0
707,1071.618623215089,stopped,stopped,stopped,11,40,0
708,1072.543998011122,stopped,stopped,stopped,10,41,0
709,1073.570353165094,stopped,stopped,stopped,11,40,0
710,1074.747771044311,stopped,stopped,stopped,10,41,0
711,1076.266625594177,stopped,stopped,stopped,11,40,0
712,1076.924056065754,stopped,stopped,stopped,10,41,0
713,1078.647198480956,stopped,stopped,stopped,11,40,0
714,1079.809965429259,stopped,stopped,stopped,10,41,0
715,1081.171002343468,stopped,stopped,stopped,11,40,0
716,1082.952749723070,stopped,stopped,stopped,10,41,0
717,1083.295466514086,stopped,stopped,stopped,11,40,0
718,1084.183264310430,stopped,stopped,stopped,10,41,0
719,1085.647831208639,stopped,stopped,stopped,11,40,0
720,1086.911998989825,stopped,stopped,stopped,10,41,0
721,1088.755724674809,stopped,stopped,stopped,11,40,0
722,1089.795337924075,stopped,stopped,stopped,10,41,0
723,1090.863191026249,stopped,stopped,stopped,11,40,0
724,1091.728472966937,stopped,stopped,stopped,10,41,0
725,1093.440873272369,stopped,stopped,stopped,11,40,0
726,1094.284457523754,stopped,stopped,stopped,10,41,0
727,1095.433084758661,stopped,stopped,stopped,11,40,0
728,1096.401917794743,stopped,stopped,stopped,10,41,0
729,1098.841015466650,stopped,stopped,stopped,11,40,0
730,1099.360667178572,stopped,stopped,stopped,10,41,0
731,1100.574460622463,stopped,stopped,stopped,11,40,0
732,1101.839111168756,stopped,stopped,stopped,10,41,0
733,1102.551779899918,stopped,stopped,stopped,11,40,0
734,1103.732297174547,stopped,stopped,stopped,10,41,0
735,1105.617188830762,stopped,stopped,stopped,11,40,0
736,1106.774371675833,stopped,stopped,stopped,10,41,0
737,1107.774531955010,stopped,stopped,stopped,11,40,0
738,1109.158918856766,stopped,stopped,stopped,10,41,0
739,1110.444142993613,stopped,stopped,stopped,11,40,0
740,1111.443504764900,stopped,stopped,stopped,10,41,0
741,1112.432995408077,stopped,stopped,stopped,11,40,0
742,1113.397595114802,stopped,stopped,stopped,10,41,0
743,1115.065359461567,stopped,stopped,stopped,11,40,0
744,1116.787253881215,stopped,stopped,stopped,10,41,0
745,1117.965919669200,stopped,stopped,stopped,11,40,0
746,1118.684134861018,stopped,stopped,stopped,10,41,0
747,1119.473247426179,stopped,stopped,stopped,11,40,0
748,1121.155937675810,stopped,stopped,stopped,10,41,0
749,1122.458621356880,stopped,stopped,stopped,11,40,0
750,1123.101117387809,stopped,stopped,stopped,10,41,0
751,1125.314729397847,stopped,stopped,stopped,11,40,0
752,1125.763442429253,stopped,stopped,stopped,10,41,0
753,1127.658023527216,stopped,stopped,stopped,11,40,0
754,1128.430224613893,stopped,stopped,stopped,10,41,0
755,1129.728996777066,stopped,stopped,stopped,11,40,0
756,1130.391597896232,stopped,stopped,stopped,10,41,0
757,1131.495085561917,stopped,stopped,stopped,11,40,0
758,1133.708625669456,stopped,stopped,stopped,10,41,0
759,1134.885654591533,stopped,stopped,stopped,11,40,0
760,1135.562213975478,stopped,stopped,stopped,10,41,0
761,1136.929293480970,stopped,stopped,stopped,11,40,0
762,1138.151589779806,stopped,stopped,stopped,10,41,0
763,1138.992341820494,stopped,stopped,stopped,11,40,0
764,1140.721848171903,stopped,stopped,stopped,10,41,0
765,1141.261022964137,stopped,stopped,stopped,11,40,0
766,1142.858659607856,stopped,stopped,stopped,10,41,0
767,1144.782299518625,stopped,stopped,stopped,11,40,0
768,1145.485327517117,stopped,stopped,stopped,10,41,0
769,1146.576814924867,stopped,stopped,stopped,11,40,0
770,1147.501776523319,stopped,stopped,stopped,10,41,0
771,1148.615277208834,stopped,stopped,stopped,11,40,0
772,1149.982601028107,stopped,stopped,stopped,10,41,0
773,1151.562814723673,stopped,stopped,stopped,11,40,0
774,1152.943128530590,stopped,stopped,stopped,10,41,0
775,1153.890303716271,stopped,stopped,stopped,11,40,0
776,1154.697519535382,stopped,stopped,stopped,10,41,0
777,1156.621567833873,stopped,stopped,stopped,11,40,0
778,1157.432314575611,stopped,stopped,stopped,10,41,0
779,1158.001609027295,stopped,stopped,stopped,11,40,0
780,1159.480657019022,stopped,stopped,stopped,10,41,0
781,1161.396644634378,stopped,stopped,stopped,11,40,0
782,1162.487528602005,stopped,stopped,stopped,10,41,0
783,1163.701031682779,stopped,stopped,stopped,11,40,0
784,1164.737586351228,stopped,stopped,stopped,10,41,0
785,1165.271227706458,stopped,stopped,stopped,11,40,0
786,1166.943613409529,stopped,stopped,stopped,10,41,0
787,1168.086271610139,stopped,stopped,stopped,11,40,0
788,1169.698356884885,stopped,stopped,stopped,10,41,0
789,1170.463638578284,stopped,stopped,stopped,11,40,0
790,1172.120681865696,stopped,stopped,stopped,10,41,0
791,1173.305687764048,stopped,stopped,stopped,11,40,0
792,1174.232766856456,stopped,stopped,stopped,10,41,0
793,1175.215452395951,stopped,stopped,stopped,11,40,0
794,1176.632875809788,stopped,stopped,stopped,10,41,0
795,1177.106304421656,stopped,stopped,stopped,11,40,0
796,1179.701223501934,stopped,stopped,stopped,10,41,0
797,1180.653543787084,stopped,stopped,stopped,11,40,0
798,1181.267318151680,stopped,stopped,stopped,10,41,0
799,1182.582270346920,stopped,stopped,stopped,11,40,0
800,1183.712775295974,stopped,stopped,stopped,10,41,0
801,1185.155842847466,stopped,stopped,stopped,11,40,0
802,1185.875358695357,stopped,stopped,stopped,10,41,0
803,1187.345161493267,stopped,stopped,stopped,11,40,0
804,1188.856444298229,stopped,stopped,stopped,10,41,0
805,1189.963636497919,stopped,stopped,stopped,11,40,0
806,1191.482605926413,stopped,stopped,stopped,10,41,0
807,1192.218611478102,stopped,stopped,stopped,11,40,0
808,1193.324021427455,stopped,stopped,stopped,10,41,0
809,1193.857427135437,stopped,stopped,stopped,11,40,0
810,1196.034671748671,stopped,stopped,stopped,10,41,0
811,1197.071786658822,stopped,stopped,stopped,11,40,0
812,1198.686569104631,stopped,stopped,stopped,10,41,0
813,1199.356513707894,stopped,stopped,stopped,11,40,0
814,1200.532692031220,stopped,stopped,stopped,10,41,0
815,1201.810334856606,stopped,stopped,stopped,11,40,0
816,1203.137350861425,stopped,stopped,stopped,10,41,0
817,1203.855247594097,stopped,stopped,stopped,11,40,0
818,1204.985492171466,stopped,stopped,stopped,10,41,0
819,1206.870499793853,stopped,stopped,stopped,11,40,0
820,1208.471459949531,stopped,stopped,stopped,10,41,0
821,1208.989484167939,stopped,stopped,stopped,11,40,0
822,1209.898030087546,stopped,stopped,stopped,10,41,0
823,1211.416115892798,stopped,stopped,stopped,11,40,0
824,1212.113153066320,stopped,stopped,stopped,10,41,0
825,1213.598372680368,stopped,stopped,stopped,11,40,0
826,1215.389975065046,stopped,stopped,stopped,10,41,0
827,1216.183722033467,stopped,stopped,stopped,11,40,0
828,1217.174482497739,stopped,stopped,stopped,10,41,0
829,1219.050028177406,stopped,stopped,stopped,11,40,0
830,1219.614471310859,stopped,stopped,stopped,10,41,0
831,1220.816347690978,stopped,stopped,stopped,11,40,0
832,1221.692242483144,stopped,stopped,stopped,10,41,0
833,1222.952484095108,stopped,stopped,stopped,11,40,0
834,1225.018330024169,stopped,stopped,stopped,10,41,0
835,1225.855020760796,stopped,stopped,stopped,11,40,0
836,1227.231827641491,stopped,stopped,stopped,10,41,0
837,1227.917141614400,stopped,stopped,stopped,11,40,0
838,1228.793154362981,stopped,stopped,stopped,10,41,0
839,1230.584603154249,stopped,stopped,stopped,11,40,0
840,1231.562273877645,stopped,stopped,stopped,10,41,0
841,1232.529587040598,stopped,stopped,stopped,11,40,0
842,1234.277816653432,stopped,stopped,stopped,10,41,0
843,1235.502548526521,stopped,stopped,stopped,11,40,0
844,1236.399017465779,stopped,stopped,stopped,10,41,0
845,1237.977298513581,stopped,stopped,stopped,11,40,0
846,1238.457232795662,stopped,stopped,stopped,10,41,0
847,1239.490807146796,stopped,stopped,stopped,11,40,0
848,1240.813471785216,stopped,stopped,stopped,10,41,0
849,1243.078076398021,stopped,stopped,stopped,11,40,0
850,1243.538146526114,stopped,stopped,stopped,10,41,0
851,1244.851433966984,stopped,stopped,stopped,11,40,0
852,1245.655866188148,stopped,stopped,stopped,10,41,0
853,1247.372561969856,stopped,stopped,stopped,11,40,0
854,1248.063061053208,stopped,stopped,stopped,10,41,0
855,1249.159887953003,stopped,stopped,stopped,11,40,0
856,1250.672397275678,stopped,stopped,stopped,10,41,0
857,1251.659832004271,stopped,stopped,stopped,11,40,0
858,1253.673577852107,stopped,stopped,stopped,10,41,0
859,1254.431328421774,stopped,stopped,stopped,11,40,0
860,1255.408230645291,stopped,stopped,stopped,10,41,0
861,1256.181214198461,stopped,stopped,stopped,11,40,0
862,1257.541219412644,stopped,stopped,stopped,10,41,0
863,1258.779233488595,stopped,stopped,stopped,11,40,0
864,1260.344548316185,stopped,stopped,stopped,10,41,0
865,1261.611717161480,stopped,stopped,stopped,11,40,0
866,1262.556614000356,stopped,stopped,stopped,10,41,0
867,1263.676732843862,stopped,stopped,stopped,11,40,0
868,1264.957223007000,stopped,stopped,stopped,10,41,0
869,1266.179037760562,stopped,stopped,stopped,11,40,0
870,1267.200345611845,stopped,stopped,stopped,10,41,0
871,1267.570571779440,stopped,stopped,stopped,11,40,0
872,1270.118921886493,stopped,stopped,stopped,10,41,0
873,1271.134299631610,stopped,stopped,stopped,11,40,0
874,1272.083959599333,stopped,stopped,stopped,10,41,0
875,1273.261144633456,stopped,stopped,stopped,11,40,0
876,1274.196220889480,stopped,stopped,stopped,10,41,0
877,1275.092030315840,stopped,stopped,stopped,11,40,0
878,1276.842171555570,stopped,stopped,stopped,10,41,0
879,1277.763091986347,stopped,stopped,stopped,11,40,0
880,1279.332843316708,stopped,stopped,stopped,10,41,0
881,1280.155794409023,stopped,stopped,stopped,11,40,0
882,1281.828726959700,stopped,stopped,stopped,10,41,0
883,1283.000491386700,stopped,stopped,stopped,11,40,0
884,1283.335032138879,stopped,stopped,stopped,10,41,0
885,1284.854795154622,stopped,stopped,stopped,11,40,0
886,1285.695023331139,stopped,stopped,stopped,10,41,0
887,1287.410026617075,stopped,stopped,stopped,11,40,0
888,1289.165351532773,stopped,stopped,stopped,10,41,0
889,1290.104771519807,stopped,stopped,stopped,11,40,0
890,1290.417708073043,stopped,stopped,stopped,10,41,0
891,1291.945870968083,stopped,stopped,stopped,11,40,0
892,1293.493981557418,stopped,stopped,stopped,10,41,0
893,1294.118474377848,stopped,stopped,stopped,11,40,0
894,1295.365363505358,stopped,stopped,stopped,10,41,0
895,1296.801110992347,stopped,stopped,stopped,11,40,0
896,1298.256527067889,stopped,stopped,stopped,10,41,0
897,1299.405171250744,stopped,stopped,stopped,11,40,0
898,1300.490018982448,stopped,stopped,stopped,10,41,0
899,1301.495516680575,stopped,stopped,stopped,11,40,0
900,1302.346742379247,stopped,stopped,stopped,10,41,0
901,1303.273200228794,stopped,stopped,stopped,11,40,0
902,1305.401672188004,stopped,stopped,stopped,10,41,0
903,1306.508393312969,stopped,stopped,stopped,11,40,0
904,1307.267242107803,stopped,stopped,stopped,10,41,0
905,1308.988196517643,stopped,stopped,stopped,11,40,0
906,1309.421532493256,stopped,stopped,stopped,10,41,0
907,1311.056570511112,stopped,stopped,stopped,11,40,0
908,1311.966940608049,stopped,stopped,stopped,10,41,0
909,1313.031599369020,stopped,stopped,stopped,11,40,0
910,1314.052565651726,stopped,stopped,stopped,10,41,0
911,1316.212112602854,stopped,stopped,stopped,11,40,0
912,1317.072986034830,stopped,stopped,stopped,10,41,0
913,1318.171279132165,stopped,stopped,stopped,11,40,0
914,1318.947880596566,stopped,stopped,stopped,10,41,0
915,1319.931082877536,stopped,stopped,stopped,11,40,0
916,1321.628138551912,stopped,stopped,stopped,10,41,0
917,1322.258067123391,stopped,stopped,stopped,11,40,0
918,1324.224978718844,stopped,stopped,stopped,10,41,0
919,1325.237624358982,stopped,stopped,stopped,11,40,0
920,1325.981969630446,stopped,stopped,stopped,10,41,0
921,1327.635281108458,stopped,stopped,stopped,11,40,0
922,1329.043517996519,stopped,stopped,stopped,10,41,0
923,1329.205018785484,stopped,stopped,stopped,11,40,0
924,1330.429937120459,stopped,stopped,stopped,10,41,0
925,1331.827591385285,stopped,stopped,stopped,11,40,0
926,1333.673522610285,stopped,stopped,stopped,10,41,0
927,1334.747329051690,stopped,stopped,stopped,11,40,0
928,1335.694974526002,stopped,stopped,stopped,10,41,0
929,1336.690184653386,stopped,stopped,stopped,11,40,0
930,1337.688791809670,stopped,stopped,stopped,10,41,0
931,1338.923164598670,stopped,stopped,stopped,11,40,0
932,1340.426400457300,stopped,stopped,stopped,10,41,0
933,1341.166272252926,stopped,stopped,stopped,11,40,0
934,1342.608507883777,stopped,stopped,stopped,10,41,0
935,1344.156044003596,stopped,stopped,stopped,11,40,0
936,1345.477106261399,stopped,stopped,stopped,10,41,0
937,1345.731413255418,stopped,stopped,stopped,11,40,0
938,1347.519471750900,stopped,stopped,stopped,10,41,0
939,1348.017238018736,stopped,stopped,stopped,11,40,0
940,1349.085194014048,stopped,stopped,stopped,10,41,0
941,1351.296206374097,stopped,stopped,stopped,11,40,0
942,1352.210465159176,stopped,stopped,stopped,10,41,0
943,1353.483338358265,stopped,stopped,stopped,11,40,0
944,1353.886781971696,stopped,stopped,stopped,10,41,0
945,1355.680595320636,stopped,stopped,stopped,11,40,0
946,1356.605655709808,stopped,stopped,stopped,10,41,0
947,1357.771742828579,stopped,stopped,stopped,11,40,0
948,1358.460160399159,stopped,stopped,stopped,10,41,0
949,1360.393144762191,stopped,stopped,stopped,11,40,0
950,1361.393074713640,stopped,stopped,stopped,10,41,0
951,1363.022328603281,stopped,stopped,stopped,11,40,0
952,1363.879190797134,stopped,stopped,stopped,10,41,0
953,1364.576584896754,stopped,stopped,stopped,11,40,0
954,1365.493733551295,stopped,stopped,stopped,10,41,0
955,1367.104090970008,stopped,stopped,stopped,11,40,0
956,1368.330193307986,stopped,stopped,stopped,12,39,0
957,1369.686949077343,stopped,stopped,stopped,13,38,0
958,1370.973522767784,stopped,stopped,stopped,12,39,0
959,1371.686553552827,stopped,stopped,stopped,13,38,0
960,1373.202914562373,stopped,stopped,stopped,12,39,0
961,1374.154798658641,stopped,stopped,stopped,13,38,0
962,1375.302392344749,stopped,stopped,stopped,12,39,0
963,1376.161779993619,stopped,stopped,stopped,13,38,0
964,1377.177633642105,stopped,stopped,stopped,12,39,0
965,1379.683283028613,stopped,stopped,stopped,13,38,0
966,1380.148578441693,stopped,stopped,stopped,12,39,0
967,1381.073977149206,stopped,stopped,stopped,13,38,0
968,1382.345662978474,stopped,stopped,stopped,12,39,0
969,1383.297591007946,stopped,stopped,stopped,13,38,0
970,1384.444415847760,stopped,stopped,stopped,12,39,0
971,1385.663777011193,stopped,stopped,stopped,13,38,0
972,1387.326647663489,stopped,stopped,stopped,12,39,0
973,1387.921454127113,stopped,stopped,stopped,13,38,0
974,1389.565831798394,stopped,stopped,stopped,12,39,0
975,1390.705490286428,stopped,stopped,stopped,13,38,0
976,1391.853200443270,stopped,stopped,stopped,12,39,0
977,1392.644027788549,stopped,stopped,stopped,13,38,0
978,1393.433401740794,stopped,stopped,stopped,12,39,0
979,1394.884184675680,stopped,stopped,stopped,13,38,0
980,1396.544163123682,stopped,stopped,stopped,12,39,0
981,1397.834623321387,stopped,stopped,stopped,13,38,0
982,1398.837675201386,stopped,stopped,stopped,12,39,0
983,1399.839472941206,stopped,stopped,stopped,13,38,0
984,1400.426946297394,stopped,stopped,stopped,12,39,0
985,1402.564347250066,stopped,stopped,stopped,13,38,0
986,1402.973747640919,stopped,stopped,stopped,12,39,0
987,1404.006292170523,stopped,stopped,stopped,13,38,0
988,1405.666975059247,stopped,stopped,stopped,12,39,0
989,1407.085142776436,stopped,stopped,stopped,13,38,0
990,1408.136307496190,stopped,stopped,stopped,12,39,0
991,1409.320681079839,stopped,stopped,stopped,13,38,0
992,1410.024810725802,stopped,stopped,stopped,12,39,0
993,1411.257056815707,stopped,stopped,stopped,13,38,0
994,1411.965653461773,stopped,stopped,stopped,12,39,0
995,1413.843148788569,stopped,stopped,stopped,13,38,0
996,1415.585784795495,stopped,stopped,stopped,12,39,0
997,1415.781581303283,stopped,stopped,stopped,13,38,0
998,1417.102822933823,stopped,stopped,stopped,12,39,0
999,1418.696963852452,stopped,stopped,stopped,13,38,0
1000,1419.422480945996,stopped,stopped,stopped,12,39,0
1001,1420.416526323751,stopped,stopped,stopped,13,38,0
1002,1421.850567187049,stopped,stopped,stopped,12,39,0
1003,1422.461310987507,stopped,stopped,stopped,13,38,0
1004,1424.463045669579,stopped,stopped,stopped,12,39,0
1005,1425.873469244997,stopped,stopped,stopped,13,38,0
1006,1426.645979682120,stopped,stopped,stopped,12,39,0
1007,1427.365671109427,stopped,stopped,stopped,13,38,0
1008,1428.592305875979,stopped,stopped,stopped,12,39,0
1009,1429.650477276192,stopped,stopped,stopped,13,38,0
1010,1431.218313672752,stopped,stopped,stopped,12,39,0
1011,1432.049740893314,stopped,stopped,stopped,13,38,0
1012,1433.821940737065,stopped,stopped,stopped,12,39,0
1013,1434.584942168260,stopped,stopped,stopped,13,38,0
1014,1435.692907383419,stopped,stopped,stopped,12,39,0
1015,1437.226721623801,stopped,stopped,stopped,11,40,0
1016,1438.006284841722,stopped,stopped,stopped,10,41,0
1017,1438.949552746883,stopped,stopped,stopped,11,40,0
1018,1439.622793078164,stopped,stopped,stopped,10,41,0
1019,1441.960987504862,stopped,stopped,stopped,11,40,0
1020,1442.911059580897,stopped,stopped,stopped,10,41,0
1021,1444.041930706367,stopped,stopped,stopped,11,40,0
1022,1445.072278459201,stopped,stopped,stopped,10,41,0
1023,1445.830084779710,stopped,stopped,stopped,11,40,0
1024,1447.226227099976,stopped,stopped,stopped,10,41,0
1025,1448.323853515725,stopped,stopped,stopped,11,40,0
1026,1449.488771280731,stopped,stopped,stopped,10,41,0
1027,1450.773561858297,stopped,stopped,stopped,11,40,0
1028,1451.835297999393,stopped,stopped,stopped,10,41,0
1029,1453.737596757102,stopped,stopped,stopped,11,40,0
1030,1454.226011260226,stopped,stopped,stopped,10,41,0
1031,1455.312091239820,stopped,stopped,stopped,11,40,0
1032,1456.167797608387,stopped,stopped,stopped,10,41,0
1033,1457.539001668411,stopped,stopped,stopped,11,40,0
1034,1458.393777368687,stopped,stopped,stopped,10,41,0
1035,1460.688270535419,stopped,stopped,stopped,11,40,0
1036,1461.245443345160,stopped,stopped,stopped,10,41,0
1037,1462.266123265787,stopped,stopped,stopped,11,40,0
1038,1463.286891190427,stopped,stopped,stopped,10,41,0
1039,1464.696903297876,stopped,stopped,stopped,11,40,0
1040,1465.889557614085,stopped,stopped,stopped,10,41,0
1041,1466.505621107888,stopped,stopped,stopped,11,40,0
1042,1467.703989586071,stopped,stopped,stopped,10,41,0
1043,1469.347649878270,stopped,stopped,stopped,11,40,0
1044,1470.966589127165,stopped,stopped,stopped,10,41,0
1045,1471.388764527107,stopped,stopped,stopped,11,40,0
1046,1473.020132324186,stopped,stopped,stopped,10,41,0
1047,1473.745649185747,stopped,stopped,stopped,11,40,0
1048,1474.203221565699,stopped,stopped,stopped,10,41,0
1049,1476.092127038241,stopped,stopped,stopped,11,40,0
1050,1477.435191147500,stopped,stopped,stopped,10,41,0
1051,1478.441395973413,stopped,stopped,stopped,11,40,0
1052,1479.759918706490,stopped,stopped,stopped,10,41,0
1053,1480.766879017982,stopped,stopped,stopped,11,40,0
1054,1481.964684209802,stopped,stopped,stopped,10,41,0
1055,1483.032959958071,stopped,stopped,stopped,11,40,0
1056,1484.143580881755,stopped,stopped,stopped,10,41,0
1057,1484.817883231204,stopped,stopped,stopped,11,40,0
1058,1486.171349027557,stopped,stopped,stopped,10,41,0
1059,1488.116337976228,stopped,stopped,stopped,11,40,0
1060,1489.252466946430,stopped,stopped,stopped,10,41,0
1061,1489.970892204679,stopped,stopped,stopped,11,40,0
1062,1490.670693814603,stopped,stopped,stopped,10,41,0
1063,1492.180090544016,stopped,stopped,stopped,11,40,0
1064,1493.330835421270,stopped,stopped,stopped,10,41,0
1065,1494.155368613689,stopped,stopped,stopped,11,40,0
1066,1495.768832978942,stopped,stopped,stopped,10,41,0
1067,1497.065505571710,stopped,stopped,stopped,11,40,0
1068,1497.747360933121,stopped,stopped,stopped,10,41,0
1069,1499.640824746620,stopped,stopped,stopped,11,40,0
1070,1500.351951516603,stopped,stopped,stopped,10,41,0
1071,1501.119324922132,stopped,stopped,stopped,11,40,0
1072,1502.346063292399,stopped,stopped,stopped,10,41,0
1073,1503.090933126681,stopped,stopped,stopped,11,40,0
1074,1505.261529654672,stopped,stopped,stopped,10,41,0
1075,1506.152986138113,stopped,stopped,stopped,11,40,0
1076,1507.407505163830,stopped,stopped,stopped,10,41,0
1077,1508.253031029542,stopped,stopped,stopped,11,40,0
1078,1509.280419363223,stopped,stopped,stopped,10,41,0
1079,1510.391797446473,stopped,stopped,stopped,11,40,0
1080,1511.923005459002,stopped,stopped,stopped,10,41,0
1081,1512.589764705458,stopped,stopped,stopped,11,40,0
1082,1513.589765539919,stopped,stopped,stopped,10,41,0
1083,1515.708343586874,stopped,stopped,stopped,11,40,0
1084,1516.435989718758,stopped,stopped,stopped,10,41,0
1085,1517.719806254130,stopped,stopped,stopped,11,40,0
1086,1518.414791487254,stopped,stopped,stopped,10,41,0
1087,1519.741009493907,stopped,stopped,stopped,11,40,0
1088,1520.273622220356,stopped,stopped,stopped,10,41,0
1089,1521.901909065461,stopped,stopped,stopped,11,40,0
1090,1523.486047149259,stopped,stopped,stopped,10,41,0
1091,1524.724892160622,stopped,stopped,stopped,11,40,0
1092,1525.227837233792,stopped,stopped,stopped,10,41,0
1093,1526.552311910388,stopped,stopped,stopped,11,40,0
1094,1528.040930429298,stopped,stopped,stopped,10,41,0
1095,1529.034456728701,stopped,stopped,stopped,11,40,0
1096,1529.369975365194,stopped,stopped,stopped,10,41,0
1097,1531.020742970222,stopped,stopped,stopped,11,40,0
1098,1532.222326939392,stopped,stopped,stopped,10,41,0
1099,1533.886977913202,stopped,stopped,stopped,11,40,0
1100,1535.042277471207,stopped,stopped,stopped,10,41,0
1101,1535.769502395248,stopped,stopped,stopped,11,40,0
1102,1536.620701824030,stopped,stopped,stopped,10,41,0
1103,1537.651062167945,stopped,stopped,stopped,11,40,0
1104,1539.302854855583,stopped,stopped,stopped,10,41,0
1105,1540.030270139506,stopped,stopped,stopped,11,40,0
1106,1541.742248762789,stopped,stopped,stopped,10,41,0
1107,1542.496522922766,stopped,stopped,stopped,11,40,0
1108,1544.118670054520,stopped,stopped,stopped,10,41,0
1109,1544.834608227520,stopped,stopped,stopped,11,40,0
1110,1546.091197786313,stopped,stopped,stopped,10,41,0
1111,1547.297581121407,stopped,stopped,stopped,11,40,0
1112,1547.806563801857,stopped,stopped,stopped,10,41,0
1113,1548.871348178725,stopped,stopped,stopped,11,40,0
1114,1551.273845326405,stopped,stopped,stopped,10,41,0
1115,1552.006872837670,stopped,stopped,stopped,11,40,0
1116,1552.736105329804,stopped,stopped,stopped,10,41,0
1117,1554.156519109658,stopped,stopped,stopped,11,40,0
1118,1554.921285164992,stopped,stopped,stopped,10,41,0
1119,1556.162987497553,stopped,stopped,stopped,11,40,0
1120,1557.394507017691,stopped,stopped,stopped,10,41,0
1121,1558.339152852352,stopped,stopped,stopped,11,40,0
1122,1559.781154390710,stopped,stopped,stopped,10,41,0
1123,1560.876475777809,stopped,stopped,stopped,11,40,0
1124,1562.410153180194,stopped,stopped,stopped,10,41,0
1125,1563.385400958495,stopped,stopped,stopped,11,40,0
1126,1564.177940460432,stopped,stopped,stopped,10,41,0
1127,1564.915788262260,stopped,stopped,stopped,11,40,0
1128,1566.266415601551,stopped,stopped,stopped,10,41,0
1129,1567.623450717218,stopped,stopped,stopped,11,40,0
1130,1569.022477804374,stopped,stopped,stopped,10,41,0
1131,1570.509277866921,stopped,stopped,stopped,11,40,0
1132,1571.045381485538,stopped,stopped,stopped,10,41,0
1133,1571.845352088045,stopped,stopped,stopped,11,40,0
1134,1573.806563330272,stopped,stopped,stopped,10,41,0
1135,1574.230915429864,stopped,stopped,stopped,11,40,0
1136,1575.638154952017,stopped,stopped,stopped,10,41,0
1137,1576.161352363424,stopped,stopped,stopped,11,40,0
1138,1578.118826945783,stopped,stopped,stopped,10,41,0
1139,1579.514055067741,stopped,stopped,stopped,11,40,0
1140,1580.372081625472,stopped,stopped,stopped,10,41,0
1141,1581.363551773002,stopped,stopped,stopped,11,40,0
1142,1582.329486944147,stopped,stopped,stopped,10,41,0
1143,1583.394693435422,stopped,stopped,stopped,11,40,0
1144,1584.234848066376,stopped,stopped,stopped,10,41,0
1145,1586.293210750338,stopped,stopped,stopped,11,40,0
1146,1587.004342107041,stopped,stopped,stopped,10,41,0
1147,1588.163404028905,stopped,stopped,stopped,11,40,0
1148,1589.357945949558,stopped,stopped,stopped,10,41,0
1149,1590.835904321394,stopped,stopped,stopped,11,40,0
1150,1591.293884373572,stopped,stopped,stopped,10,41,0
1151,1592.637167039235,stopped,stopped,stopped,11,40,0
1152,1593.584808188862,stopped,stopped,stopped,10,41,0
1153,1594.442689655691,stopped,stopped,stopped,11,40,0
1154,1596.484492409655,stopped,stopped,stopped,10,41,0
1155,1597.715895944423,stopped,stopped,stopped,11,40,0
1156,1598.420798549671,stopped,stopped,stopped,10,41,0
1157,1599.619348950463,stopped,stopped,stopped,11,40,0
1158,1600.048044903407,stopped,stopped,stopped,10,41,0
1159,1601.911946228582,stopped,stopped,stopped,11,40,0
1160,1602.815404793727,stopped,stopped,stopped,10,41,0
1161,1603.655202996124,stopped,stopped,stopped,11,40,0
1162,1605.521646646623,stopped,stopped,stopped,10,41,0
1163,1606.293418126574,stopped,stopped,stopped,11,40,0
1164,1607.556905211983,stopped,stopped,stopped,10,41,0
1165,1608.836295305010,stopped,stopped,stopped,11,40,0
1166,1610.003264190038,stopped,stopped,stopped,10,41,0
1167,1610.253823162574,stopped,stopped,stopped,11,40,0
1168,1611.437141269555,stopped,stopped,stopped,10,41,0
1169,1613.078855451027,stopped,stopped,stopped,11,40,0
1170,1614.710627852161,stopped,stopped,stopped,10,41,0
1171,1615.574608718972,stopped,stopped,stopped,11,40,0
1172,1616.398394841584,stopped,stopped,stopped,10,41,0
1173,1617.734684840985,stopped,stopped,stopped,11,40,0
1174,1618.537517831978,stopped,stopped,stopped,10,41,0
1175,1619.952501261129,stopped,stopped,stopped,11,40,0
1176,1620.774310821389,stopped,stopped,stopped,10,41,0
1177,1622.098751698023,stopped,stopped,stopped,11,40,0
1178,1622.977767699476,stopped,stopped,stopped,10,41,0
1179,1625.021856657963,stopped,stopped,stopped,11,40,0
1180,1625.987020163621,stopped,stopped,stopped,10,41,0
1181,1626.399919311636,stopped,stopped,stopped,11,40,0
1182,1627.755441276316,stopped,stopped,stopped,10,41,0
1183,1628.715316856763,stopped,stopped,stopped,11,40,0
1184,1629.658668954948,stopped,stopped,stopped,10,41,0
1185,1631.194814551516,stopped,stopped,stopped,11,40,0
1186,1632.798183570709,stopped,stopped,stopped,10,41,0
1187,1633.512516889737,stopped,stopped,stopped,11,40,0
1188,1634.516822662067,stopped,stopped,stopped,10,41,0
1189,1635.718366326214,stopped,stopped,stopped,11,40,0
1190,1637.089190173371,stopped,stopped,stopped,10,41,0
1191,1637.994643586013,stopped,stopped,stopped,11,40,0
1192,1638.599658304214,stopped,stopped,stopped,10,41,0
1193,1639.821235729830,stopped,stopped,stopped,11,40,0
1194,1641.899819008505,stopped,stopped,stopped,10,41,0
1195,1642.489779822378,stopped,stopped,stopped,11,40,0
1196,1644.152065959738,stopped,stopped,stopped,10,41,0
1197,1644.713745774668,stopped,stopped,stopped,11,40,0
1198,1645.573760362766,stopped,stopped,stopped,10,41,0
1199,1646.624866593179,stopped,stopped,stopped,11,40,0
1200,1648.270598222532,stopped,stopped,stopped,10,41,0
1201,1649.118535409240,stopped,stopped,stopped,11,40,0
1202,1650.416988983048,stopped,stopped,stopped,10,41,0
1203,1651.732693341396,stopped,stopped,stopped,11,40,0
1204,1652.671065899601,stopped,stopped,stopped,10,41,0
1205,1654.205896759371,stopped,stopped,stopped,11,40,0
1206,1654.726652393322,stopped,stopped,stopped,10,41,0
1207,1655.822775676772,stopped,stopped,stopped,11,40,0
1208,1657.114236399763,stopped,stopped,stopped,10,41,0
1209,1657.567101179322,stopped,stopped,stopped,11,40,0
1210,1660.019980337999,stopped,stopped,stopped,10,41,0
1211,1660.860056833301,stopped,stopped,stopped,11,40,0
1212,1661.836892884097,stopped,stopped,stopped,10,41,0
1213,1662.377202549280,stopped,stopped,stopped,11,40,0
1214,1664.057265418110,stopped,stopped,stopped,10,41,0
1215,1664.968004486365,stopped,stopped,stopped,11,40,0
1216,1665.877640414486,stopped,stopped,stopped,10,41,0
1217,1667.241125051711,stopped,stopped,stopped,11,40,0
1218,1668.368229327402,stopped,stopped,stopped,10,41,0
1219,1669.669728452399,stopped,stopped,stopped,11,40,0
1220,1671.047182433303,stopped,stopped,stopped,10,41,0
1221,1671.984259333726,stopped,stopped,stopped,11,40,0
1222,1672.963370830781,stopped,stopped,stopped,10,41,0
1223,1673.687445333905,stopped,stopped,stopped,11,40,0
1224,1674.648462097010,stopped,stopped,stopped,10,41,0
1225,1676.362486323950,stopped,stopped,stopped,11,40,0
1226,1677.691227141526,stopped,stopped,stopped,10,41,0
1227,1678.630368091064,stopped,stopped,stopped,11,40,0
1228,1680.077946716809,stopped,stopped,stopped,10,41,0
1229,1680.504770112847,stopped,stopped,stopped,11,40,0
1230,1681.812320174266,stopped,stopped,stopped,10,41,0
1231,1683.273289260667,stopped,stopped,stopped,11,40,0
1232,1684.171656837064,stopped,stopped,stopped,10,41,0
1233,1684.558863252537,stopped,stopped,stopped,11,40,0
1234,1686.421121947838,stopped,stopped,stopped,10,41,0
1235,1688.080142693177,stopped,stopped,stopped,11,40,0
1236,1688.933868509785,stopped,stopped,stopped,10,41,0
1237,1689.703154256180,stopped,stopped,stopped,11,40,0
1238,1691.051559916893,stopped,stopped,stopped,10,41,0
1239,1691.515192892035,stopped,stopped,stopped,11,40,0
1240,1693.053020930197,stopped,stopped,stopped,10,41,0
1241,1694.017564652608,stopped,stopped,stopped,11,40,0
1242,1695.832554474187,stopped,stopped,stopped,10,41,0
1243,1696.654997439786,stopped,stopped,stopped,11,40,0
1244,1697.342514286564,stopped,stopped,stopped,10,41,0
1245,1699.229547187643,stopped,stopped,stopped,11,40,0
1246,1699.966817266864,stopped,stopped,stopped,10,41,0
1247,1700.820303245006,stopped,stopped,stopped,11,40,0
1248,1701.825550997047,stopped,stopped,stopped,10,41,0
1249,1702.923249764490,stopped,stopped,stopped,11,40,0
1250,1704.291412426680,stopped,stopped,stopped,10,41,0
1251,1706.256032431560,stopped,stopped,stopped,11,40,0
1252,1706.615665035026,stopped,stopped,stopped,10,41,0
1253,1707.912312493324,stopped,stopped,stopped,11,40,0
1254,1708.512116178403,stopped,stopped,stopped,10,41,0
1255,1709.780842298580,stopped,stopped,stopped,11,40,0
1256,1711.137603258593,stopped,stopped,stopped,10,41,0
1257,1712.155397654322,stopped,stopped,stopped,11,40,0
1258,1713.055341727513,stopped,stopped,stopped,10,41,0
1259,1714.717145255495,stopped,stopped,stopped,11,40,0
1260,1715.825283039821,stopped,stopped,stopped,10,41,0
1261,1716.769983717395,stopped,stopped,stopped,11,40,0
1262,1717.974485066158,stopped,stopped,stopped,10,41,0
1263,1718.954152498584,stopped,stopped,stopped,11,40,0
1264,1719.724469321831,stopped,stopped,stopped,10,41,0
1265,1720.498070947586,stopped,stopped,stopped,11,40,0
1266,1722.844661739916,stopped,stopped,stopped,10,41,0
1267,1723.532822631260,stopped,stopped,stopped,11,40,0
1268,1724.733958737658,stopped,stopped,stopped,10,41,0
1269,1725.638628019974,stopped,stopped,stopped,11,40,0
1270,1726.605700739885,stopped,stopped,stopped,10,41,0
1271,1728.166506760965,stopped,stopped,stopped,11,40,0
1272,1728.644486480372,stopped,stopped,stopped,10,41,0
1273,1730.023872544779,stopped,stopped,stopped,11,40,0
1274,1731.014193761857,stopped,stopped,stopped,10,41,0
1275,1732.430169859257,stopped,stopped,stopped,11,40,0
1276,1733.840825021430,stopped,stopped,stopped,10,41,0
1277,1735.175466021101,stopped,stopped,stopped,11,40,0
1278,1735.624715342871,stopped,stopped,stopped,10,41,0
1279,1736.305662733238,stopped,stopped,stopped,11,40,0
1280,1737.893884786929,stopped,stopped,stopped,10,41,0
1281,1738.783237588816,stopped,stopped,stopped,11,40,0
1282,1740.169115680141,stopped,stopped,stopped,10,41,0
1283,1741.779167808727,stopped,stopped,stopped,11,40,0
1284,1742.467680720782,stopped,stopped,stopped,10,41,0
1285,1743.426436858722,stopped,stopped,stopped,11,40,0
1286,1744.721511937700,stopped,stopped,stopped,10,41,0
1287,1746.097498595633,stopped,stopped,stopped,11,40,0
1288,1746.595456627128,stopped,stopped,stopped,10,41,0
1289,1747.781695527752,stopped,stopped,stopped,11,40,0
1290,1748.563987381080,stopped,stopped,stopped,10,41,0
1291,1750.822818489839,stopped,stopped,stopped,11,40,0
1292,1751.617794946251,stopped,stopped,stopped,10,41,0
1293,1752.511511140666,stopped,stopped,stopped,11,40,0
1294,1753.661355243139,stopped,stopped,stopped,10,41,0
1295,1754.763369874253,stopped,stopped,stopped,11,40,0
1296,1755.169694068143,stopped,stopped,stopped,10,41,0
1297,1757.046518460723,stopped,stopped,stopped,11,40,0
1298,1757.984077032818,stopped,stopped,stopped,10,41,0
1299,1759.240085646682,stopped,stopped,stopped,11,40,0
1300,1760.215166242762,stopped,stopped,stopped,10,41,0
1301,1761.854899938728,stopped,stopped,stopped,11,40,0
1302,1762.497688870661,stopped,stopped,stopped,10,41,0
1303,1763.719121496287,stopped,stopped,stopped,11,40,0
1304,1764.591476849092,stopped,stopped,stopped,10,41,0
1305,1765.400493991784,stopped,stopped,stopped,11,40,0
1306,1766.676243599478,stopped,stopped,stopped,10,41,0
1307,1768.295971136341,stopped,stopped,stopped,11,40,0
1308,1769.940952051636,stopped,stopped,stopped,10,41,0
1309,1770.243677312197,stopped,stopped,stopped,11,40,0
1310,1771.212944983547,stopped,stopped,stopped,10,41,0
1311,1772.328000363591,stopped,stopped,stopped,11,40,0
1312,1773.894915510703,stopped,stopped,stopped,10,41,0
1313,1774.660430990024,stopped,stopped,stopped,11,40,0
1314,1775.341987573747,stopped,stopped,stopped,10,41,0
1315,1777.255860224058,stopped,stopped,stopped,11,40,0
1316,1778.041734762249,stopped,stopped,stopped,10,41,0
1317,1779.552270809179,stopped,stopped,stopped,11,40,0
1318,1780.665228492999,stopped,stopped,stopped,10,41,0
1319,1781.355637722820,stopped,stopped,stopped,11,40,0
1320,1782.439067320020,stopped,stopped,stopped,10,41,0
1321,1783.084829519946,stopped,stopped,stopped,11,40,0
1322,1784.607946396613,stopped,stopped,stopped,10,41,0
1323,1786.342201179343,stopped,stopped,stopped,11,40,0
1324,1787.049273086816,stopped,stopped,stopped,10,41,0
1325,1788.215123479633,stopped,stopped,stopped,11,40,0
1326,1789.242179963685,stopped,stopped,stopped,10,41,0
1327,1790.449562369784,stopped,stopped,stopped,11,40,0
1328,1791.254409818795,stopped,stopped,stopped,10,41,0
1329,1792.616102735198,stopped,stopped,stopped,11,40,0
1330,1793.525390652409,stopped,stopped,stopped,10,41,0
1331,1794.178482007256,stopped,stopped,stopped,11,40,0
1332,1796.465140537431,stopped,stopped,stopped,10,41,0
1333,1797.376335671137,stopped,stopped,stopped,11,40,0
1334,1798.147067458076,stopped,stopped,stopped,10,41,0
1335,1799.231647209738,stopped,stopped,stopped,11,40,0
1336,1800.024724019739,stopped,stopped,stopped,10,41,0
1337,1801.309636945288,stopped,stopped,stopped,11,40,0
1338,1802.301283491450,stopped,stopped,stopped,10,41,0
1339,1803.796843813366,stopped,stopped,stopped,11,40,0
1340,1804.904160974812,stopped,stopped,stopped,10,41,0
1341,1806.289667019498,stopped,stopped,stopped,11,40,0
1342,1806.578391750964,stopped,stopped,stopped,10,41,0
1343,1808.714431865475,stopped,stopped,stopped,11,40,0
1344,1809.119273788287,stopped,stopped,stopped,10,41,0
1345,1810.108892987986,stopped,stopped,stopped,11,40,0
1346,1810.873719158855,stopped,stopped,stopped,10,41,0
1347,1812.420077002105,stopped,stopped,stopped,11,40,0
1348,1814.024140347615,stopped,stopped,stopped,10,41,0
1349,1814.973082363496,stopped,stopped,stopped,11,40,0
1350,1816.338611219675,stopped,stopped,stopped,10,41,0
1351,1816.758023365351,stopped,stopped,stopped,11,40,0
1352,1817.710608563342,stopped,stopped,stopped,10,41,0
1353,1819.260334099488,stopped,stopped,stopped,11,40,0
1354,1820.187882186811,stopped,stopped,stopped,10,41,0
1355,1821.305708365204,stopped,stopped,stopped,11,40,0
1356,1822.427671440303,stopped,stopped,stopped,10,41,0
1357,1823.766265895773,stopped,stopped,stopped,11,40,0
1358,1825.213676893013,stopped,stopped,stopped,10,41,0
1359,1825.915683614928,stopped,stopped,stopped,11,40,0
1360,1826.795455271493,stopped,stopped,stopped,10,41,0
1361,1828.211270499973,stopped,stopped,stopped,11,40,0
1362,1828.621091758031,stopped,stopped,stopped,10,41,0
1363,1829.832529709940,stopped,stopped,stopped,11,40,0
1364,1831.936379901815,stopped,stopped,stopped,10,41,0
1365,1832.984940243731,stopped,stopped,stopped,11,40,0
1366,1833.273239032730,stopped,stopped,stopped,10,41,0
1367,1834.721559748609,stopped,stopped,stopped,11,40,0
1368,1835.883754437692,stopped,stopped,stopped,10,41,0
1369,1836.827672515958,stopped,stopped,stopped,11,40,0
1370,1838.086943305645,stopped,stopped,stopped,10,41,0
1371,1838.640288707651,stopped,stopped,stopped,11,40,0
1372,1840.195563473357,stopped,stopped,stopped,10,41,0
1373,1841.478582570643,stopped,stopped,stopped,11,40,0
1374,1842.875955278667,stopped,stopped,stopped,10,41,0
1375,1843.771057743069,stopped,stopped,stopped,11,40,0
1376,1844.759043650096,stopped,stopped,stopped,10,41,0
1377,1845.417534146424,stopped,stopped,stopped,11,40,0
1378,1846.353253420516,stopped,stopped,stopped,10,41,0
1379,1848.330980622384,stopped,stopped,stopped,11,40,0
1380,1848.722760910891,stopped,stopped,stopped,10,41,0
1381,1850.601184047651,stopped,stopped,stopped,11,40,0
1382,1851.400361994590,stopped,stopped,stopped,10,41,0
1383,1852.342204733386,stopped,stopped,stopped,11,40,0
1384,1853.519342920989,stopped,stopped,stopped,10,41,0
1385,1854.855632115987,stopped,stopped,stopped,11,40,0
1386,1855.592934937055,stopped,stopped,stopped,10,41,0
1387,1856.389179153524,stopped,stopped,stopped,11,40,0
1388,1857.498074814880,stopped,stopped,stopped,10,41,0
1389,1859.495271568794,stopped,stopped,stopped,11,40,0
1390,1860.541388109337,stopped,stopped,stopped,10,41,0
1391,1861.379671547233,stopped,stopped,stopped,11,40,0
1392,1862.121464928944,stopped,stopped,stopped,10,41,0
1393,1863.425464845096,stopped,stopped,stopped,11,40,0
1394,1864.353981335746,stopped,stopped,stopped,10,41,0
1395,1865.367433794058,stopped,stopped,stopped,11,40,0
1396,1866.836547018608,stopped,stopped,stopped,10,41,0
1397,1868.085190998609,stopped,stopped,stopped,11,40,0
1398,1868.706745684408,stopped,stopped,stopped,10,41,0
1399,1870.421471768311,stopped,stopped,stopped,11,40,0
1400,1871.416043098407,stopped,stopped,stopped,10,41,0
1401,1872.441566428193,stopped,stopped,stopped,11,40,0
1402,1872.865667637968,stopped,stopped,stopped,10,41,0
1403,1874.508361412660,stopped,stopped,stopped,11,40,0
1404,1874.913774010040,stopped,stopped,stopped,10,41,0
1405,1877.095064167340,stopped,stopped,stopped,11,40,0
1406,1878.022251482754,stopped,stopped,stopped,10,41,0
1407,1879.153303090461,stopped,stopped,stopped,11,40,0
1408,1880.082325418994,stopped,stopped,stopped,10,41,0
1409,1880.611766479657,stopped,stopped,stopped,11,40,0
1410,1882.321974797385,stopped,stopped,stopped,10,41,0
1411,1883.408724269518,stopped,stopped,stopped,11,40,0
1412,1884.005778349667,stopped,stopped,stopped,10,41,0
1413,1885.198075130258,stopped,stopped,stopped,11,40,0
1414,1887.053894806890,stopped,stopped,stopped,10,41,0
1415,1887.808841416832,stopped,stopped,stopped,11,40,0
1416,1888.938182636580,stopped,stopped,stopped,10,41,0
1417,1890.348128614245,stopped,stopped,stopped,11,40,0
1418,1890.612128587933,stopped,stopped,stopped,10,41,0
1419,1891.678510539729,stopped,stopped,stopped,11,40,0
1420,1892.867701335791,stopped,stopped,stopped,10,41,0
1421,1894.558537572430,stopped,stopped,stopped,11,40,0
1422,1895.697155653585,stopped,stopped,stopped,10,41,0
1423,1896.585494347169,stopped,stopped,stopped,11,40,0
1424,1897.513692859712,stopped,stopped,stopped,10,41,0
1425,1898.829372818680,stopped,stopped,stopped,11,40,0
1426,1900.006144829144,stopped,stopped,stopped,10,41,0
1427,1900.571884272415,stopped,stopped,stopped,11,40,0
1428,1901.891305750600,stopped,stopped,stopped,10,41,0
1429,1902.805059206680,stopped,stopped,stopped,11,40,0
1430,1904.089325323352,stopped,stopped,stopped,10,41,0
1431,1906.102756198182,stopped,stopped,stopped,11,40,0
1432,1906.597678003766,stopped,stopped,stopped,10,41,0
1433,1907.332780123910,stopped,stopped,stopped,11,40,0
1434,1908.433063045052,stopped,stopped,stopped,10,41,0
1435,1909.465930025982,stopped,stopped,stopped,11,40,0
1436,1910.733659615892,stopped,stopped,stopped,10,41,0
1437,1911.704690943172,stopped,stopped,stopped,11,40,0
1438,1913.182489775883,stopped,stopped,stopped,10,41,0
1439,1914.352300051674,stopped,stopped,stopped,11,40,0
1440,1915.054629333347,stopped,stopped,stopped,10,41,0
1441,1916.606371839519,stopped,stopped,stopped,11,40,0
1442,1917.344704041566,stopped,stopped,stopped,10,41,0
1443,1918.786498909857,stopped,stopped,stopped,11,40,0
1444,1919.207778397805,stopped,stopped,stopped,10,41,0
1445,1919.937457371217,stopped,stopped,stopped,11,40,0
1446,1922.101625621994,stopped,stopped,stopped,10,41,0
1447,1923.280837936417,stopped,stopped,stopped,11,40,0
1448,1924.055831101441,stopped,stopped,stopped,10,41,0
1449,1925.231987975407,stopped,stopped,stopped,11,40,0
1450,1926.211583079894,stopped,stopped,stopped,10,41,0
1451,1926.820092794872,stopped,stopped,stopped,11,40,0
1452,1928.417518549519,stopped,stopped,stopped,10,41,0
1453,1929.487560180576,stopped,stopped,stopped,11,40,0
1454,1930.258387180387,stopped,stopped,stopped,10,41,0
1455,1931.760069436525,stopped,stopped,stopped,11,40,0
1456,1932.875754549947,stopped,stopped,stopped,10,41,0
1457,1934.416436369152,stopped,stopped,stopped,11,40,0
1458,1934.907943434366,stopped,stopped,stopped,10,41,0
1459,1935.924848803746,stopped,stopped,stopped,11,40,0
1460,1936.873093814279,stopped,stopped,stopped,10,41,0
1461,1937.968633498020,stopped,stopped,stopped,11,40,0
1462,1939.050029150544,stopped,stopped,stopped,10,41,0
1463,1940.977326705860,stopped,stopped,stopped,11,40,0
1464,1941.822862215780,stopped,stopped,stopped,10,41,0
1465,1942.633568692246,stopped,stopped,stopped,11,40,0
1466,1943.367947449253,stopped,stopped,stopped,10,41,0
1467,1945.153796306368,stopped,stopped,stopped,11,40,0
1468,1945.922716949483,stopped,stopped,stopped,10,41,0
1469,1946.609945361877,stopped,stopped,stopped,11,40,0
1470,1947.917047737704,stopped,stopped,stopped,10,41,0
1471,1949.030030073607,stopped,stopped,stopped,11,40,0
1472,1950.743201552863,stopped,stopped,stopped,10,41,0
1473,1951.536695873055,stopped,stopped,stopped,11,40,0
1474,1952.850129211866,stopped,stopped,stopped,10,41,0
1475,1953.448556325136,stopped,stopped,stopped,11,40,0
1476,1954.418588175214,stopped,stopped,stopped,10,41,0
1477,1955.315809283718,stopped,stopped,stopped,11,40,0
1478,1956.848164578216,stopped,stopped,stopped,10,41,0
1479,1958.314403555120,stopped,stopped,stopped,11,40,0
1480,1958.851883463195,stopped,stopped,stopped,10,41,0
1481,1960.418845269382,stopped,stopped,stopped,11,40,0
1482,1961.359277880014,stopped,stopped,stopped,10,41,0
1483,1962.233571848580,stopped,stopped,stopped,11,40,0
1484,1963.621184573202,stopped,stopped,stopped,10,41,0
1485,1964.357390938096,stopped,stopped,stopped,11,40,0
1486,1965.377829505104,stopped,stopped,stopped,10,41,0
1487,1966.117658574075,stopped,stopped,stopped,11,40,0
1488,1968.471602019420,stopped,stopped,stopped,10,41,0
1489,1969.047617546528,stopped,stopped,stopped,11,40,0
1490,1970.305009517034,stopped,stopped,stopped,10,41,0
1491,1970.855547579946,stopped,stopped,stopped,11,40,0
1492,1971.970312804811,stopped,stopped,stopped,10,41,0
1493,1973.182663405939,stopped,stopped,stopped,11,40,0
1494,1974.347201910120,stopped,stopped,stopped,10,41,0
1495,1975.080610302267,stopped,stopped,stopped,11,40,0
1496,1977.173943698040,stopped,stopped,stopped,10,41,0
1497,1977.271446199747,stopped,stopped,stopped,11,40,0
1498,1978.801448167732,stopped,stopped,stopped,10,41,0
1499,1980.371772287051,stopped,stopped,stopped,11,40,0
1500,1980.910043091024,stopped,stopped,stopped,10,41,0
1501,1981.748768897263,stopped,stopped,stopped,11,40,0
1502,1982.663279195277,stopped,stopped,stopped,10,41,0
1503,1983.923804622261,stopped,stopped,stopped,11,40,0
1504,1985.416540174527,stopped,stopped,stopped,10,41,0
1505,1986.757107716415,stopped,stopped,stopped,11,40,0
1506,1987.873473360724,stopped,stopped,stopped,10,41,0
1507,1988.251876807356,stopped,stopped,stopped,11,40,0
1508,1989.702002708022,stopped,stopped,stopped,10,41,0
1509,1990.478352526427,stopped,stopped,stopped,11,40,0
1510,1992.001706393528,stopped,stopped,stopped,10,41,0
1511,1992.784987875158,stopped,stopped,stopped,11,40,0
1512,1993.577493138260,stopped,stopped,stopped,10,41,0
1513,1995.168739611889,stopped,stopped,stopped,11,40,0
1514,1996.796176966188,stopped,stopped,stopped,10,41,0
1515,1997.390914059611,stopped,stopped,stopped,11,40,0
1516,1998.279006925985,stopped,stopped,stopped,10,41,0
1517,1999.545764176268,stopped,stopped,stopped,11,40,0
1518,2000.434515302432,stopped,stopped,stopped,10,41,0
1519,2000.929620689185,stopped,stopped,stopped,11,40,0
1520,2002.896408374362,stopped,stopped,stopped,10,41,0
1521,2004.139669233270,stopped,stopped,stopped,11,40,0
1522,2005.077848124099,stopped,stopped,stopped,10,41,0
1523,2005.900934885786,stopped,stopped,stopped,11,40,0
1524,2007.125180170301,stopped,stopped,stopped,10,41,0
1525,2008.418240330262,stopped,stopped,stopped,11,40,0
1526,2009.176634122950,stopped,stopped,stopped,10,41,0
1527,2010.153324767559,stopped,stopped,stopped,11,40,0
1528,2011.020705073650,stopped,stopped,stopped,10,41,0
1529,2012.538935477422,stopped,stopped,stopped,11,40,0
1530,2013.872097713991,stopped,stopped,stopped,10,41,0
1531,2015.186728608706,stopped,stopped,stopped,11,40,0
1532,2016.029638032375,stopped,stopped,stopped,10,41,0
1533,2016.800075655846,stopped,stopped,stopped,11,40,0
1534,2017.386767251962,stopped,stopped,stopped,10,41,0
1535,2019.264600216064,stopped,stopped,stopped,11,40,0
1536,2019.884367139755,stopped,stopped,stopped,stopped,stopped,stopped
1537,2021.196042768893,stopped,stopped,stopped,stopped,stopped,stopped
1538,2022.545617684688,stopped,stopped,stopped,stopped,stopped,stopped
1539,2023.572911777101,stopped,stopped,stopped,stopped,stopped,stopped
1540,2024.488262157951,stopped,stopped,stopped,stopped,stopped,stopped
1541,2025.878906202482,stopped,stopped,stopped,stopped,stopped,stopped
1542,2026.738258912152,stopped,stopped,stopped,stopped,stopped,stopped
1543,2027.573317055998,stopped,stopped,stopped,stopped,stopped,stopped
1544,2028.582459354040,stopped,stopped,stopped,stopped,stopped,stopped
1545,2029.385479550967,stopped,stopped,stopped,stopped,stopped,stopped
1546,2031.750550690619,stopped,stopped,stopped,stopped,stopped,stopped
1547,2032.420780856286,stopped,stopped,stopped,stopped,stopped,stopped
1548,2033.017892745670,stopped,stopped,stopped,stopped,stopped,stopped
1549,2034.554828788956,stopped,stopped,stopped,stopped,stopped,stopped
1550,2035.077440096304,stopped,stopped,stopped,stopped,stopped,stopped
1551,2036.527526483370,stopped,stopped,stopped,stopped,stopped,stopped
1552,2037.217111094341,stopped,stopped,stopped,stopped,stopped,stopped
1553,2038.841738250868,stopped,stopped,stopped,stopped,stopped,stopped
1554,2039.443218740104,stopped,stopped,stopped,stopped,stopped,stopped
1555,2040.839119673138,stopped,stopped,stopped,stopped,stopped,stopped
1556,2042.344586250604,stopped,stopped,stopped,stopped,stopped,stopped
1557,2043.217116563324,stopped,stopped,stopped,stopped,stopped,stopped
1558,2044.121593291667,stopped,stopped,stopped,stopped,stopped,stopped
1559,2045.037320859815,stopped,stopped,stopped,stopped,stopped,stopped
1560,2045.802760431562,stopped,stopped,stopped,stopped,stopped,stopped
1561,2047.098336345607,stopped,stopped,stopped,stopped,stopped,stopped
1562,2048.454094066161,stopped,stopped,stopped,stopped,stopped,stopped
1563,2049.847525605716,stopped,stopped,stopped,stopped,stopped,stopped
1564,2050.906055384685,stopped,stopped,stopped,stopped,stopped,stopped
1565,2051.718388196256,stopped,stopped,stopped,stopped,stopped,stopped
1566,2052.407790192401,stopped,stopped,stopped,stopped,stopped,stopped
